#Digilent WaveForms Oscilloscope Acquisition,
#Device Name: Discovery,
#Serial Number: SN:210244627631,
#Date Time: 2020-11-21 17:13:31.209,
#Sample rate: 4000Hz,
#Samples: 8000,
#Trigger: Source: Channel 1 Type: Edge Condition: Rising Level: 0 V Hyst.: Auto HoldOff: 0 s,
#Channel 1: Range: 1 V/div Offset: 0 V Attenuation: 1 X,
,
Time (s),Channel 1 (V)
-1,0.013365539
-0.99975,0.013365539
-0.9995,0.013365539
-0.99925,0.013365539
-0.999,0.013365539
-0.99875,0.013365539
-0.9985,0.013365539
-0.99825,0.013365539
-0.998,0.013365539
-0.99775,0.013365539
-0.9975,0.013365539
-0.99725,0.013365539
-0.997,0.013365539
-0.99675,0.013365539
-0.9965,0.013365539
-0.99625,0.013365539
-0.996,0.013365539
-0.99575,0.013365539
-0.9955,0.013365539
-0.99525,0.013365539
-0.995,0.013365539
-0.99475,0.013365539
-0.9945,0.013365539
-0.99425,0.013365539
-0.994,0.013365539
-0.99375,0.013365539
-0.9935,0.013365539
-0.99325,0.013365539
-0.993,0.013365539
-0.99275,0.013365539
-0.9925,0.013365539
-0.99225,0.013365539
-0.992,0.013365539
-0.99175,0.013365539
-0.9915,0.013365539
-0.99125,0.013365539
-0.991,0.013365539
-0.99075,0.013365539
-0.9905,0.013365539
-0.99025,0.013365539
-0.99,0.013365539
-0.98975,0.013365539
-0.9895,0.013365539
-0.98925,0.013365539
-0.989,0.013365539
-0.98875,0.013365539
-0.9885,0.013365539
-0.98825,0.013365539
-0.988,0.013365539
-0.98775,0.013365539
-0.9875,0.013365539
-0.98725,0.013365539
-0.987,0.013365539
-0.98675,0.013365539
-0.9865,0.013365539
-0.98625,0.013365539
-0.986,0.013365539
-0.98575,0.013365539
-0.9855,0.013365539
-0.98525,0.013365539
-0.985,0.013365539
-0.98475,0.013365539
-0.9845,0.013365539
-0.98425,0.013365539
-0.984,0.013365539
-0.98375,0.013365539
-0.9835,0.013365539
-0.98325,0.013365539
-0.983,0.013365539
-0.98275,0.013365539
-0.9825,0.013365539
-0.98225,0.013365539
-0.982,0.013365539
-0.98175,0.013365539
-0.9815,0.013365539
-0.98125,0.013365539
-0.981,0.013365539
-0.98075,0.013365539
-0.9805,0.013365539
-0.98025,0.013365539
-0.98,0.013365539
-0.97975,0.013365539
-0.9795,0.013365539
-0.97925,0.013365539
-0.979,0.013365539
-0.97875,0.013365539
-0.9785,0.013365539
-0.97825,0.013365539
-0.978,0.013365539
-0.97775,0.013365539
-0.9775,0.013365539
-0.97725,0.013365539
-0.977,0.013365539
-0.97675,0.013365539
-0.9765,0.013365539
-0.97625,0.013365539
-0.976,0.013365539
-0.97575,0.013365539
-0.9755,0.013365539
-0.97525,0.013365539
-0.975,0.013365539
-0.97475,0.013365539
-0.9745,0.013365539
-0.97425,0.013365539
-0.974,0.013365539
-0.97375,0.013365539
-0.9735,0.013365539
-0.97325,0.013365539
-0.973,0.013365539
-0.97275,0.013365539
-0.9725,0.013365539
-0.97225,0.013365539
-0.972,0.013365539
-0.97175,0.013365539
-0.9715,0.013365539
-0.97125,0.013365539
-0.971,0.013365539
-0.97075,0.013365539
-0.9705,0.013365539
-0.97025,0.013365539
-0.97,0.013365539
-0.96975,0.013365539
-0.9695,0.013365539
-0.96925,0.013365539
-0.969,0.013365539
-0.96875,0.013365539
-0.9685,0.013365539
-0.96825,0.013365539
-0.968,0.013365539
-0.96775,0.013365539
-0.9675,0.016884015
-0.96725,0.013365539
-0.967,0.013365539
-0.96675,0.013365539
-0.9665,0.013365539
-0.96625,0.013365539
-0.966,0.013365539
-0.96575,0.013365539
-0.9655,0.013365539
-0.96525,0.013365539
-0.965,0.013365539
-0.96475,0.013365539
-0.9645,0.013365539
-0.96425,0.013365539
-0.964,0.013365539
-0.96375,0.013365539
-0.9635,0.013365539
-0.96325,0.013365539
-0.963,0.013365539
-0.96275,0.013365539
-0.9625,0.013365539
-0.96225,0.013365539
-0.962,0.013365539
-0.96175,0.013365539
-0.9615,0.013365539
-0.96125,0.013365539
-0.961,0.013365539
-0.96075,0.013365539
-0.9605,0.013365539
-0.96025,0.013365539
-0.96,0.013365539
-0.95975,0.013365539
-0.9595,0.013365539
-0.95925,0.013365539
-0.959,0.013365539
-0.95875,0.013365539
-0.9585,0.013365539
-0.95825,0.013365539
-0.958,0.013365539
-0.95775,0.013365539
-0.9575,0.013365539
-0.95725,0.013365539
-0.957,0.013365539
-0.95675,0.013365539
-0.9565,0.013365539
-0.95625,0.013365539
-0.956,0.013365539
-0.95575,0.013365539
-0.9555,0.013365539
-0.95525,0.013365539
-0.955,0.013365539
-0.95475,0.013365539
-0.9545,0.013365539
-0.95425,0.013365539
-0.954,0.013365539
-0.95375,0.013365539
-0.9535,0.013365539
-0.95325,0.013365539
-0.953,0.013365539
-0.95275,0.013365539
-0.9525,0.013365539
-0.95225,0.013365539
-0.952,0.013365539
-0.95175,0.013365539
-0.9515,0.013365539
-0.95125,0.013365539
-0.951,0.013365539
-0.95075,0.013365539
-0.9505,0.013365539
-0.95025,0.013365539
-0.95,0.013365539
-0.94975,0.013365539
-0.9495,0.013365539
-0.94925,0.013365539
-0.949,0.013365539
-0.94875,0.013365539
-0.9485,0.013365539
-0.94825,0.013365539
-0.948,0.013365539
-0.94775,0.013365539
-0.9475,0.013365539
-0.94725,0.013365539
-0.947,0.013365539
-0.94675,0.013365539
-0.9465,0.013365539
-0.94625,0.013365539
-0.946,0.013365539
-0.94575,0.013365539
-0.9455,0.013365539
-0.94525,0.013365539
-0.945,0.013365539
-0.94475,0.013365539
-0.9445,0.013365539
-0.94425,0.013365539
-0.944,0.013365539
-0.94375,0.013365539
-0.9435,0.013365539
-0.94325,0.013365539
-0.943,0.013365539
-0.94275,0.013365539
-0.9425,0.013365539
-0.94225,0.013365539
-0.942,0.013365539
-0.94175,0.013365539
-0.9415,0.013365539
-0.94125,0.013365539
-0.941,0.013365539
-0.94075,0.013365539
-0.9405,0.013365539
-0.94025,0.013365539
-0.94,0.013365539
-0.93975,0.013365539
-0.9395,0.013365539
-0.93925,0.013365539
-0.939,0.013365539
-0.93875,0.013365539
-0.9385,0.013365539
-0.93825,0.013365539
-0.938,0.013365539
-0.93775,0.013365539
-0.9375,0.013365539
-0.93725,0.013365539
-0.937,0.013365539
-0.93675,0.013365539
-0.9365,0.013365539
-0.93625,0.013365539
-0.936,0.013365539
-0.93575,0.013365539
-0.9355,0.013365539
-0.93525,0.013365539
-0.935,0.013365539
-0.93475,0.013365539
-0.9345,0.013365539
-0.93425,0.013365539
-0.934,0.013365539
-0.93375,0.013365539
-0.9335,0.013365539
-0.93325,0.013365539
-0.933,0.013365539
-0.93275,0.013365539
-0.9325,0.013365539
-0.93225,0.013365539
-0.932,0.013365539
-0.93175,0.016884015
-0.9315,0.013365539
-0.93125,0.013365539
-0.931,0.013365539
-0.93075,0.013365539
-0.9305,0.013365539
-0.93025,0.013365539
-0.93,0.016884015
-0.92975,0.013365539
-0.9295,0.013365539
-0.92925,0.013365539
-0.929,0.013365539
-0.92875,0.013365539
-0.9285,0.013365539
-0.92825,0.013365539
-0.928,0.013365539
-0.92775,0.013365539
-0.9275,0.013365539
-0.92725,0.013365539
-0.927,0.013365539
-0.92675,0.013365539
-0.9265,0.013365539
-0.92625,0.013365539
-0.926,0.013365539
-0.92575,0.013365539
-0.9255,0.013365539
-0.92525,0.013365539
-0.925,0.013365539
-0.92475,0.013365539
-0.9245,0.013365539
-0.92425,0.013365539
-0.924,0.013365539
-0.92375,0.013365539
-0.9235,0.013365539
-0.92325,0.013365539
-0.923,0.013365539
-0.92275,0.013365539
-0.9225,0.013365539
-0.92225,0.013365539
-0.922,0.013365539
-0.92175,0.013365539
-0.9215,0.013365539
-0.92125,0.013365539
-0.921,0.013365539
-0.92075,0.013365539
-0.9205,0.013365539
-0.92025,0.013365539
-0.92,0.013365539
-0.91975,0.013365539
-0.9195,0.013365539
-0.91925,0.013365539
-0.919,0.013365539
-0.91875,0.013365539
-0.9185,0.013365539
-0.91825,0.013365539
-0.918,0.013365539
-0.91775,0.013365539
-0.9175,0.013365539
-0.91725,0.013365539
-0.917,0.013365539
-0.91675,0.013365539
-0.9165,0.013365539
-0.91625,0.013365539
-0.916,0.013365539
-0.91575,0.013365539
-0.9155,0.013365539
-0.91525,0.013365539
-0.915,0.013365539
-0.91475,0.013365539
-0.9145,0.013365539
-0.91425,0.013365539
-0.914,0.013365539
-0.91375,0.013365539
-0.9135,0.013365539
-0.91325,0.013365539
-0.913,0.013365539
-0.91275,0.013365539
-0.9125,0.013365539
-0.91225,0.013365539
-0.912,0.013365539
-0.91175,0.013365539
-0.9115,0.013365539
-0.91125,0.013365539
-0.911,0.013365539
-0.91075,0.013365539
-0.9105,0.013365539
-0.91025,0.013365539
-0.91,0.013365539
-0.90975,0.013365539
-0.9095,0.013365539
-0.90925,0.013365539
-0.909,0.013365539
-0.90875,0.013365539
-0.9085,0.013365539
-0.90825,0.013365539
-0.908,0.013365539
-0.90775,0.013365539
-0.9075,0.013365539
-0.90725,0.013365539
-0.907,0.013365539
-0.90675,0.013365539
-0.9065,0.013365539
-0.90625,0.013365539
-0.906,0.013365539
-0.90575,0.013365539
-0.9055,0.013365539
-0.90525,0.013365539
-0.905,0.013365539
-0.90475,0.013365539
-0.9045,0.013365539
-0.90425,0.013365539
-0.904,0.013365539
-0.90375,0.013365539
-0.9035,0.013365539
-0.90325,0.013365539
-0.903,0.013365539
-0.90275,0.013365539
-0.9025,0.013365539
-0.90225,0.013365539
-0.902,0.013365539
-0.90175,0.013365539
-0.9015,0.013365539
-0.90125,0.013365539
-0.901,0.013365539
-0.90075,0.013365539
-0.9005,0.013365539
-0.90025,0.013365539
-0.9,0.013365539
-0.89975,0.013365539
-0.8995,0.013365539
-0.89925,0.013365539
-0.899,0.013365539
-0.89875,0.016884015
-0.8985,0.013365539
-0.89825,0.013365539
-0.898,0.013365539
-0.89775,0.013365539
-0.8975,0.013365539
-0.89725,0.013365539
-0.897,0.016884015
-0.89675,0.013365539
-0.8965,0.013365539
-0.89625,0.013365539
-0.896,0.013365539
-0.89575,0.013365539
-0.8955,0.013365539
-0.89525,0.013365539
-0.895,0.013365539
-0.89475,0.013365539
-0.8945,0.013365539
-0.89425,0.013365539
-0.894,0.013365539
-0.89375,0.013365539
-0.8935,0.013365539
-0.89325,0.013365539
-0.893,0.013365539
-0.89275,0.013365539
-0.8925,0.013365539
-0.89225,0.013365539
-0.892,0.013365539
-0.89175,0.013365539
-0.8915,0.013365539
-0.89125,0.013365539
-0.891,0.013365539
-0.89075,0.013365539
-0.8905,0.013365539
-0.89025,0.013365539
-0.89,0.013365539
-0.88975,0.013365539
-0.8895,0.016884015
-0.88925,0.013365539
-0.889,0.013365539
-0.88875,0.013365539
-0.8885,0.013365539
-0.88825,0.013365539
-0.888,0.013365539
-0.88775,0.013365539
-0.8875,0.013365539
-0.88725,0.013365539
-0.887,0.013365539
-0.88675,0.013365539
-0.8865,0.013365539
-0.88625,0.013365539
-0.886,0.013365539
-0.88575,0.013365539
-0.8855,0.013365539
-0.88525,0.013365539
-0.885,0.013365539
-0.88475,0.013365539
-0.8845,0.013365539
-0.88425,0.013365539
-0.884,0.013365539
-0.88375,0.013365539
-0.8835,0.013365539
-0.88325,0.013365539
-0.883,0.013365539
-0.88275,0.013365539
-0.8825,0.013365539
-0.88225,0.013365539
-0.882,0.013365539
-0.88175,0.013365539
-0.8815,0.013365539
-0.88125,0.013365539
-0.881,0.013365539
-0.88075,0.013365539
-0.8805,0.013365539
-0.88025,0.013365539
-0.88,0.013365539
-0.87975,0.013365539
-0.8795,0.016884015
-0.87925,0.013365539
-0.879,0.013365539
-0.87875,0.013365539
-0.8785,0.013365539
-0.87825,0.013365539
-0.878,0.013365539
-0.87775,0.013365539
-0.8775,0.013365539
-0.87725,0.013365539
-0.877,0.013365539
-0.87675,0.013365539
-0.8765,0.016884015
-0.87625,0.013365539
-0.876,0.013365539
-0.87575,0.013365539
-0.8755,0.013365539
-0.87525,0.013365539
-0.875,0.013365539
-0.87475,0.013365539
-0.8745,0.016884015
-0.87425,0.013365539
-0.874,0.013365539
-0.87375,0.013365539
-0.8735,0.013365539
-0.87325,0.013365539
-0.873,0.013365539
-0.87275,0.013365539
-0.8725,0.013365539
-0.87225,0.013365539
-0.872,0.013365539
-0.87175,0.013365539
-0.8715,0.013365539
-0.87125,0.013365539
-0.871,0.013365539
-0.87075,0.013365539
-0.8705,0.013365539
-0.87025,0.013365539
-0.87,0.013365539
-0.86975,0.013365539
-0.8695,0.013365539
-0.86925,0.013365539
-0.869,0.013365539
-0.86875,0.013365539
-0.8685,0.013365539
-0.86825,0.013365539
-0.868,0.013365539
-0.86775,0.013365539
-0.8675,0.013365539
-0.86725,0.013365539
-0.867,0.013365539
-0.86675,0.013365539
-0.8665,0.013365539
-0.86625,0.013365539
-0.866,0.013365539
-0.86575,0.013365539
-0.8655,0.013365539
-0.86525,0.013365539
-0.865,0.013365539
-0.86475,0.013365539
-0.8645,0.013365539
-0.86425,0.013365539
-0.864,0.013365539
-0.86375,0.013365539
-0.8635,0.013365539
-0.86325,0.013365539
-0.863,0.013365539
-0.86275,0.013365539
-0.8625,0.013365539
-0.86225,0.013365539
-0.862,0.013365539
-0.86175,0.013365539
-0.8615,0.013365539
-0.86125,0.013365539
-0.861,0.013365539
-0.86075,0.013365539
-0.8605,0.013365539
-0.86025,0.013365539
-0.86,0.013365539
-0.85975,0.013365539
-0.8595,0.013365539
-0.85925,0.013365539
-0.859,0.013365539
-0.85875,0.013365539
-0.8585,0.016884015
-0.85825,0.013365539
-0.858,0.013365539
-0.85775,0.013365539
-0.8575,0.013365539
-0.85725,0.013365539
-0.857,0.013365539
-0.85675,0.013365539
-0.8565,0.013365539
-0.85625,0.013365539
-0.856,0.013365539
-0.85575,0.013365539
-0.8555,0.013365539
-0.85525,0.013365539
-0.855,0.013365539
-0.85475,0.013365539
-0.8545,0.013365539
-0.85425,0.013365539
-0.854,0.013365539
-0.85375,0.013365539
-0.8535,0.013365539
-0.85325,0.013365539
-0.853,0.013365539
-0.85275,0.013365539
-0.8525,0.013365539
-0.85225,0.013365539
-0.852,0.013365539
-0.85175,0.013365539
-0.8515,0.013365539
-0.85125,0.013365539
-0.851,0.013365539
-0.85075,0.013365539
-0.8505,0.013365539
-0.85025,0.013365539
-0.85,0.013365539
-0.84975,0.013365539
-0.8495,0.013365539
-0.84925,0.013365539
-0.849,0.013365539
-0.84875,0.013365539
-0.8485,0.016884015
-0.84825,0.013365539
-0.848,0.013365539
-0.84775,0.013365539
-0.8475,0.013365539
-0.84725,0.013365539
-0.847,0.013365539
-0.84675,0.013365539
-0.8465,0.013365539
-0.84625,0.013365539
-0.846,0.013365539
-0.84575,0.013365539
-0.8455,0.013365539
-0.84525,0.016884015
-0.845,0.013365539
-0.84475,0.016884015
-0.8445,0.034476395
-0.84425,0.080216581
-0.844,0.108364389
-0.84375,0.111882865
-0.8435,0.111882865
-0.84325,0.115401341
-0.843,0.111882865
-0.84275,0.115401341
-0.8425,0.115401341
-0.84225,0.115401341
-0.842,0.115401341
-0.84175,0.115401341
-0.8415,0.115401341
-0.84125,0.111882865
-0.841,0.115401341
-0.84075,0.115401341
-0.8405,0.115401341
-0.84025,0.115401341
-0.84,0.115401341
-0.83975,0.115401341
-0.8395,0.115401341
-0.83925,0.115401341
-0.839,0.115401341
-0.83875,0.111882865
-0.8385,0.111882865
-0.83825,0.115401341
-0.838,0.115401341
-0.83775,0.111882865
-0.8375,0.115401341
-0.83725,0.115401341
-0.837,0.115401341
-0.83675,0.111882865
-0.8365,0.115401341
-0.83625,0.111882865
-0.836,0.111882865
-0.83575,0.115401341
-0.8355,0.115401341
-0.83525,0.115401341
-0.835,0.115401341
-0.83475,0.111882865
-0.8345,0.115401341
-0.83425,0.115401341
-0.834,0.111882865
-0.83375,0.111882865
-0.8335,0.115401341
-0.83325,0.115401341
-0.833,0.115401341
-0.83275,0.115401341
-0.8325,0.115401341
-0.83225,0.111882865
-0.832,0.115401341
-0.83175,0.111882865
-0.8315,0.115401341
-0.83125,0.115401341
-0.831,0.115401341
-0.83075,0.115401341
-0.8305,0.111882865
-0.83025,0.115401341
-0.83,0.115401341
-0.82975,0.115401341
-0.8295,0.115401341
-0.82925,0.111882865
-0.829,0.115401341
-0.82875,0.115401341
-0.8285,0.115401341
-0.82825,0.115401341
-0.828,0.115401341
-0.82775,0.115401341
-0.8275,0.115401341
-0.82725,0.115401341
-0.827,0.115401341
-0.82675,0.115401341
-0.8265,0.115401341
-0.82625,0.115401341
-0.826,0.111882865
-0.82575,0.115401341
-0.8255,0.115401341
-0.82525,0.115401341
-0.825,0.115401341
-0.82475,0.111882865
-0.8245,0.115401341
-0.82425,0.115401341
-0.824,0.115401341
-0.82375,0.115401341
-0.8235,0.115401341
-0.82325,0.115401341
-0.823,0.115401341
-0.82275,0.115401341
-0.8225,0.115401341
-0.82225,0.115401341
-0.822,0.115401341
-0.82175,0.115401341
-0.8215,0.115401341
-0.82125,0.115401341
-0.821,0.115401341
-0.82075,0.115401341
-0.8205,0.111882865
-0.82025,0.115401341
-0.82,0.115401341
-0.81975,0.115401341
-0.8195,0.111882865
-0.81925,0.115401341
-0.819,0.111882865
-0.81875,0.111882865
-0.8185,0.111882865
-0.81825,0.115401341
-0.818,0.111882865
-0.81775,0.115401341
-0.8175,0.111882865
-0.81725,0.111882865
-0.817,0.111882865
-0.81675,0.111882865
-0.8165,0.111882865
-0.81625,0.115401341
-0.816,0.115401341
-0.81575,0.111882865
-0.8155,0.115401341
-0.81525,0.115401341
-0.815,0.111882865
-0.81475,0.111882865
-0.8145,0.111882865
-0.81425,0.111882865
-0.814,0.111882865
-0.81375,0.111882865
-0.8135,0.111882865
-0.81325,0.111882865
-0.813,0.115401341
-0.81275,0.111882865
-0.8125,0.111882865
-0.81225,0.111882865
-0.812,0.111882865
-0.81175,0.115401341
-0.8115,0.118919816
-0.81125,0.147067624
-0.811,0.19280781
-0.81075,0.213918666
-0.8105,0.213918666
-0.81025,0.213918666
-0.81,0.213918666
-0.80975,0.213918666
-0.8095,0.213918666
-0.80925,0.213918666
-0.809,0.213918666
-0.80875,0.213918666
-0.8085,0.213918666
-0.80825,0.213918666
-0.808,0.213918666
-0.80775,0.213918666
-0.8075,0.213918666
-0.80725,0.213918666
-0.807,0.213918666
-0.80675,0.213918666
-0.8065,0.213918666
-0.80625,0.213918666
-0.806,0.213918666
-0.80575,0.213918666
-0.8055,0.213918666
-0.80525,0.213918666
-0.805,0.213918666
-0.80475,0.213918666
-0.8045,0.213918666
-0.80425,0.213918666
-0.804,0.213918666
-0.80375,0.213918666
-0.8035,0.213918666
-0.80325,0.213918666
-0.803,0.213918666
-0.80275,0.213918666
-0.8025,0.213918666
-0.80225,0.213918666
-0.802,0.213918666
-0.80175,0.213918666
-0.8015,0.213918666
-0.80125,0.213918666
-0.801,0.213918666
-0.80075,0.213918666
-0.8005,0.213918666
-0.80025,0.213918666
-0.8,0.213918666
-0.79975,0.213918666
-0.7995,0.213918666
-0.79925,0.213918666
-0.799,0.213918666
-0.79875,0.213918666
-0.7985,0.213918666
-0.79825,0.213918666
-0.798,0.213918666
-0.79775,0.213918666
-0.7975,0.213918666
-0.79725,0.213918666
-0.797,0.213918666
-0.79675,0.213918666
-0.7965,0.213918666
-0.79625,0.213918666
-0.796,0.217437142
-0.79575,0.213918666
-0.7955,0.213918666
-0.79525,0.213918666
-0.795,0.213918666
-0.79475,0.213918666
-0.7945,0.213918666
-0.79425,0.213918666
-0.794,0.213918666
-0.79375,0.213918666
-0.7935,0.213918666
-0.79325,0.213918666
-0.793,0.213918666
-0.79275,0.213918666
-0.7925,0.213918666
-0.79225,0.213918666
-0.792,0.213918666
-0.79175,0.213918666
-0.7915,0.213918666
-0.79125,0.213918666
-0.791,0.213918666
-0.79075,0.213918666
-0.7905,0.213918666
-0.79025,0.213918666
-0.79,0.213918666
-0.78975,0.213918666
-0.7895,0.213918666
-0.78925,0.213918666
-0.789,0.213918666
-0.78875,0.213918666
-0.7885,0.213918666
-0.78825,0.213918666
-0.788,0.213918666
-0.78775,0.213918666
-0.7875,0.213918666
-0.78725,0.213918666
-0.787,0.213918666
-0.78675,0.213918666
-0.7865,0.213918666
-0.78625,0.213918666
-0.786,0.213918666
-0.78575,0.213918666
-0.7855,0.213918666
-0.78525,0.213918666
-0.785,0.213918666
-0.78475,0.213918666
-0.7845,0.213918666
-0.78425,0.213918666
-0.784,0.213918666
-0.78375,0.213918666
-0.7835,0.213918666
-0.78325,0.213918666
-0.783,0.213918666
-0.78275,0.213918666
-0.7825,0.213918666
-0.78225,0.213918666
-0.782,0.213918666
-0.78175,0.213918666
-0.7815,0.213918666
-0.78125,0.213918666
-0.781,0.213918666
-0.78075,0.213918666
-0.7805,0.213918666
-0.78025,0.213918666
-0.78,0.213918666
-0.77975,0.213918666
-0.7795,0.213918666
-0.77925,0.213918666
-0.779,0.213918666
-0.77875,0.213918666
-0.7785,0.213918666
-0.77825,0.224474094
-0.778,0.259658853
-0.77775,0.301880563
-0.7775,0.315954467
-0.77725,0.315954467
-0.777,0.315954467
-0.77675,0.315954467
-0.7765,0.315954467
-0.77625,0.315954467
-0.776,0.315954467
-0.77575,0.315954467
-0.7755,0.315954467
-0.77525,0.315954467
-0.775,0.315954467
-0.77475,0.315954467
-0.7745,0.315954467
-0.77425,0.315954467
-0.774,0.315954467
-0.77375,0.319472943
-0.7735,0.319472943
-0.77325,0.315954467
-0.773,0.319472943
-0.77275,0.315954467
-0.7725,0.315954467
-0.77225,0.315954467
-0.772,0.315954467
-0.77175,0.315954467
-0.7715,0.319472943
-0.77125,0.315954467
-0.771,0.315954467
-0.77075,0.319472943
-0.7705,0.315954467
-0.77025,0.319472943
-0.77,0.315954467
-0.76975,0.315954467
-0.7695,0.315954467
-0.76925,0.315954467
-0.769,0.315954467
-0.76875,0.315954467
-0.7685,0.315954467
-0.76825,0.315954467
-0.768,0.315954467
-0.76775,0.319472943
-0.7675,0.315954467
-0.76725,0.315954467
-0.767,0.315954467
-0.76675,0.319472943
-0.7665,0.315954467
-0.76625,0.319472943
-0.766,0.315954467
-0.76575,0.315954467
-0.7655,0.315954467
-0.76525,0.315954467
-0.765,0.315954467
-0.76475,0.315954467
-0.7645,0.315954467
-0.76425,0.315954467
-0.764,0.315954467
-0.76375,0.315954467
-0.7635,0.315954467
-0.76325,0.315954467
-0.763,0.315954467
-0.76275,0.315954467
-0.7625,0.315954467
-0.76225,0.315954467
-0.762,0.315954467
-0.76175,0.315954467
-0.7615,0.315954467
-0.76125,0.315954467
-0.761,0.315954467
-0.76075,0.315954467
-0.7605,0.315954467
-0.76025,0.315954467
-0.76,0.315954467
-0.75975,0.315954467
-0.7595,0.315954467
-0.75925,0.315954467
-0.759,0.315954467
-0.75875,0.315954467
-0.7585,0.315954467
-0.75825,0.315954467
-0.758,0.315954467
-0.75775,0.315954467
-0.7575,0.315954467
-0.75725,0.315954467
-0.757,0.319472943
-0.75675,0.315954467
-0.7565,0.315954467
-0.75625,0.315954467
-0.756,0.315954467
-0.75575,0.315954467
-0.7555,0.315954467
-0.75525,0.315954467
-0.755,0.315954467
-0.75475,0.315954467
-0.7545,0.315954467
-0.75425,0.315954467
-0.754,0.315954467
-0.75375,0.315954467
-0.7535,0.315954467
-0.75325,0.315954467
-0.753,0.315954467
-0.75275,0.315954467
-0.7525,0.315954467
-0.75225,0.315954467
-0.752,0.315954467
-0.75175,0.315954467
-0.7515,0.315954467
-0.75125,0.315954467
-0.751,0.315954467
-0.75075,0.315954467
-0.7505,0.315954467
-0.75025,0.315954467
-0.75,0.315954467
-0.74975,0.315954467
-0.7495,0.315954467
-0.74925,0.315954467
-0.749,0.315954467
-0.74875,0.315954467
-0.7485,0.315954467
-0.74825,0.315954467
-0.748,0.315954467
-0.74775,0.315954467
-0.7475,0.315954467
-0.74725,0.319472943
-0.747,0.315954467
-0.74675,0.315954467
-0.7465,0.315954467
-0.74625,0.315954467
-0.746,0.319472943
-0.74575,0.315954467
-0.7455,0.319472943
-0.74525,0.315954467
-0.745,0.333546847
-0.74475,0.372250082
-0.7445,0.407434841
-0.74425,0.414471792
-0.744,0.414471792
-0.74375,0.414471792
-0.7435,0.414471792
-0.74325,0.414471792
-0.743,0.417990268
-0.74275,0.414471792
-0.7425,0.414471792
-0.74225,0.414471792
-0.742,0.417990268
-0.74175,0.417990268
-0.7415,0.417990268
-0.74125,0.414471792
-0.741,0.414471792
-0.74075,0.414471792
-0.7405,0.414471792
-0.74025,0.414471792
-0.74,0.417990268
-0.73975,0.414471792
-0.7395,0.414471792
-0.73925,0.414471792
-0.739,0.414471792
-0.73875,0.414471792
-0.7385,0.414471792
-0.73825,0.414471792
-0.738,0.414471792
-0.73775,0.414471792
-0.7375,0.417990268
-0.73725,0.417990268
-0.737,0.414471792
-0.73675,0.417990268
-0.7365,0.414471792
-0.73625,0.414471792
-0.736,0.417990268
-0.73575,0.414471792
-0.7355,0.414471792
-0.73525,0.414471792
-0.735,0.417990268
-0.73475,0.414471792
-0.7345,0.414471792
-0.73425,0.414471792
-0.734,0.414471792
-0.73375,0.414471792
-0.7335,0.414471792
-0.73325,0.414471792
-0.733,0.414471792
-0.73275,0.414471792
-0.7325,0.414471792
-0.73225,0.414471792
-0.732,0.414471792
-0.73175,0.414471792
-0.7315,0.414471792
-0.73125,0.414471792
-0.731,0.414471792
-0.73075,0.414471792
-0.7305,0.414471792
-0.73025,0.414471792
-0.73,0.414471792
-0.72975,0.414471792
-0.7295,0.414471792
-0.72925,0.414471792
-0.729,0.414471792
-0.72875,0.414471792
-0.7285,0.414471792
-0.72825,0.414471792
-0.728,0.414471792
-0.72775,0.414471792
-0.7275,0.414471792
-0.72725,0.414471792
-0.727,0.414471792
-0.72675,0.414471792
-0.7265,0.414471792
-0.72625,0.414471792
-0.726,0.414471792
-0.72575,0.414471792
-0.7255,0.414471792
-0.72525,0.414471792
-0.725,0.414471792
-0.72475,0.414471792
-0.7245,0.414471792
-0.72425,0.414471792
-0.724,0.414471792
-0.72375,0.414471792
-0.7235,0.414471792
-0.72325,0.414471792
-0.723,0.414471792
-0.72275,0.414471792
-0.7225,0.414471792
-0.72225,0.414471792
-0.722,0.414471792
-0.72175,0.414471792
-0.7215,0.414471792
-0.72125,0.414471792
-0.721,0.414471792
-0.72075,0.414471792
-0.7205,0.414471792
-0.72025,0.414471792
-0.72,0.414471792
-0.71975,0.417990268
-0.7195,0.414471792
-0.71925,0.414471792
-0.719,0.414471792
-0.71875,0.414471792
-0.7185,0.414471792
-0.71825,0.414471792
-0.718,0.414471792
-0.71775,0.414471792
-0.7175,0.414471792
-0.71725,0.414471792
-0.717,0.414471792
-0.71675,0.414471792
-0.7165,0.414471792
-0.71625,0.414471792
-0.716,0.417990268
-0.71575,0.414471792
-0.7155,0.414471792
-0.71525,0.414471792
-0.715,0.414471792
-0.71475,0.414471792
-0.7145,0.414471792
-0.71425,0.414471792
-0.714,0.414471792
-0.71375,0.414471792
-0.7135,0.414471792
-0.71325,0.417990268
-0.713,0.414471792
-0.71275,0.414471792
-0.7125,0.417990268
-0.71225,0.414471792
-0.712,0.417990268
-0.71175,0.4426196
-0.7115,0.488359786
-0.71125,0.512989118
-0.711,0.516507594
-0.71075,0.516507594
-0.7105,0.516507594
-0.71025,0.516507594
-0.71,0.516507594
-0.70975,0.516507594
-0.7095,0.516507594
-0.70925,0.516507594
-0.709,0.516507594
-0.70875,0.516507594
-0.7085,0.516507594
-0.70825,0.516507594
-0.708,0.516507594
-0.70775,0.516507594
-0.7075,0.516507594
-0.70725,0.516507594
-0.707,0.516507594
-0.70675,0.516507594
-0.7065,0.516507594
-0.70625,0.516507594
-0.706,0.516507594
-0.70575,0.516507594
-0.7055,0.516507594
-0.70525,0.516507594
-0.705,0.516507594
-0.70475,0.516507594
-0.7045,0.52002607
-0.70425,0.516507594
-0.704,0.516507594
-0.70375,0.516507594
-0.7035,0.516507594
-0.70325,0.516507594
-0.703,0.52002607
-0.70275,0.516507594
-0.7025,0.52002607
-0.70225,0.516507594
-0.702,0.52002607
-0.70175,0.516507594
-0.7015,0.516507594
-0.70125,0.516507594
-0.701,0.516507594
-0.70075,0.516507594
-0.7005,0.516507594
-0.70025,0.516507594
-0.7,0.516507594
-0.69975,0.516507594
-0.6995,0.516507594
-0.69925,0.516507594
-0.699,0.516507594
-0.69875,0.516507594
-0.6985,0.516507594
-0.69825,0.516507594
-0.698,0.516507594
-0.69775,0.516507594
-0.6975,0.516507594
-0.69725,0.516507594
-0.697,0.516507594
-0.69675,0.516507594
-0.6965,0.516507594
-0.69625,0.516507594
-0.696,0.516507594
-0.69575,0.516507594
-0.6955,0.516507594
-0.69525,0.516507594
-0.695,0.516507594
-0.69475,0.516507594
-0.6945,0.516507594
-0.69425,0.516507594
-0.694,0.516507594
-0.69375,0.516507594
-0.6935,0.516507594
-0.69325,0.516507594
-0.693,0.516507594
-0.69275,0.516507594
-0.6925,0.516507594
-0.69225,0.516507594
-0.692,0.516507594
-0.69175,0.516507594
-0.6915,0.516507594
-0.69125,0.516507594
-0.691,0.516507594
-0.69075,0.516507594
-0.6905,0.516507594
-0.69025,0.516507594
-0.69,0.516507594
-0.68975,0.516507594
-0.6895,0.516507594
-0.68925,0.516507594
-0.689,0.516507594
-0.68875,0.516507594
-0.6885,0.516507594
-0.68825,0.516507594
-0.688,0.516507594
-0.68775,0.516507594
-0.6875,0.516507594
-0.68725,0.516507594
-0.687,0.516507594
-0.68675,0.516507594
-0.6865,0.516507594
-0.68625,0.516507594
-0.686,0.516507594
-0.68575,0.516507594
-0.6855,0.516507594
-0.68525,0.516507594
-0.685,0.516507594
-0.68475,0.516507594
-0.6845,0.516507594
-0.68425,0.516507594
-0.684,0.516507594
-0.68375,0.516507594
-0.6835,0.516507594
-0.68325,0.516507594
-0.683,0.516507594
-0.68275,0.516507594
-0.6825,0.516507594
-0.68225,0.516507594
-0.682,0.516507594
-0.68175,0.516507594
-0.6815,0.516507594
-0.68125,0.516507594
-0.681,0.516507594
-0.68075,0.516507594
-0.6805,0.516507594
-0.68025,0.516507594
-0.68,0.516507594
-0.67975,0.52002607
-0.6795,0.52002607
-0.67925,0.516507594
-0.679,0.516507594
-0.67875,0.523544545
-0.6785,0.555210829
-0.67825,0.597432539
-0.678,0.615024919
-0.67775,0.618543395
-0.6775,0.615024919
-0.67725,0.618543395
-0.677,0.615024919
-0.67675,0.615024919
-0.6765,0.615024919
-0.67625,0.615024919
-0.676,0.615024919
-0.67575,0.615024919
-0.6755,0.618543395
-0.67525,0.618543395
-0.675,0.618543395
-0.67475,0.618543395
-0.6745,0.618543395
-0.67425,0.618543395
-0.674,0.615024919
-0.67375,0.615024919
-0.6735,0.615024919
-0.67325,0.615024919
-0.673,0.615024919
-0.67275,0.615024919
-0.6725,0.615024919
-0.67225,0.615024919
-0.672,0.615024919
-0.67175,0.615024919
-0.6715,0.615024919
-0.67125,0.615024919
-0.671,0.618543395
-0.67075,0.615024919
-0.6705,0.615024919
-0.67025,0.615024919
-0.67,0.615024919
-0.66975,0.615024919
-0.6695,0.615024919
-0.66925,0.615024919
-0.669,0.615024919
-0.66875,0.615024919
-0.6685,0.618543395
-0.66825,0.615024919
-0.668,0.618543395
-0.66775,0.615024919
-0.6675,0.618543395
-0.66725,0.615024919
-0.667,0.618543395
-0.66675,0.618543395
-0.6665,0.615024919
-0.66625,0.618543395
-0.666,0.618543395
-0.66575,0.615024919
-0.6655,0.615024919
-0.66525,0.615024919
-0.665,0.618543395
-0.66475,0.615024919
-0.6645,0.615024919
-0.66425,0.618543395
-0.664,0.615024919
-0.66375,0.618543395
-0.6635,0.618543395
-0.66325,0.615024919
-0.663,0.618543395
-0.66275,0.615024919
-0.6625,0.615024919
-0.66225,0.615024919
-0.662,0.615024919
-0.66175,0.615024919
-0.6615,0.615024919
-0.66125,0.615024919
-0.661,0.615024919
-0.66075,0.618543395
-0.6605,0.615024919
-0.66025,0.615024919
-0.66,0.615024919
-0.65975,0.618543395
-0.6595,0.615024919
-0.65925,0.615024919
-0.659,0.615024919
-0.65875,0.615024919
-0.6585,0.615024919
-0.65825,0.615024919
-0.658,0.615024919
-0.65775,0.615024919
-0.6575,0.615024919
-0.65725,0.615024919
-0.657,0.615024919
-0.65675,0.615024919
-0.6565,0.615024919
-0.65625,0.615024919
-0.656,0.615024919
-0.65575,0.615024919
-0.6555,0.615024919
-0.65525,0.615024919
-0.655,0.615024919
-0.65475,0.615024919
-0.6545,0.615024919
-0.65425,0.615024919
-0.654,0.615024919
-0.65375,0.615024919
-0.6535,0.615024919
-0.65325,0.615024919
-0.653,0.615024919
-0.65275,0.615024919
-0.6525,0.615024919
-0.65225,0.615024919
-0.652,0.615024919
-0.65175,0.615024919
-0.6515,0.615024919
-0.65125,0.615024919
-0.651,0.615024919
-0.65075,0.615024919
-0.6505,0.615024919
-0.65025,0.615024919
-0.65,0.615024919
-0.64975,0.615024919
-0.6495,0.615024919
-0.64925,0.615024919
-0.649,0.615024919
-0.64875,0.615024919
-0.6485,0.618543395
-0.64825,0.615024919
-0.648,0.615024919
-0.64775,0.615024919
-0.6475,0.615024919
-0.64725,0.615024919
-0.647,0.615024919
-0.64675,0.615024919
-0.6465,0.615024919
-0.64625,0.615024919
-0.646,0.615024919
-0.64575,0.615024919
-0.6455,0.629098823
-0.64525,0.667802058
-0.645,0.706505292
-0.64475,0.71706072
-0.6445,0.71706072
-0.64425,0.71706072
-0.644,0.71706072
-0.64375,0.71706072
-0.6435,0.71706072
-0.64325,0.71706072
-0.643,0.71706072
-0.64275,0.71706072
-0.6425,0.71706072
-0.64225,0.71706072
-0.642,0.71706072
-0.64175,0.71706072
-0.6415,0.71706072
-0.64125,0.71706072
-0.641,0.71706072
-0.64075,0.71706072
-0.6405,0.71706072
-0.64025,0.71706072
-0.64,0.71706072
-0.63975,0.71706072
-0.6395,0.71706072
-0.63925,0.71706072
-0.639,0.71706072
-0.63875,0.71706072
-0.6385,0.71706072
-0.63825,0.71706072
-0.638,0.71706072
-0.63775,0.71706072
-0.6375,0.71706072
-0.63725,0.71706072
-0.637,0.71706072
-0.63675,0.71706072
-0.6365,0.71706072
-0.63625,0.71706072
-0.636,0.71706072
-0.63575,0.71706072
-0.6355,0.71706072
-0.63525,0.71706072
-0.635,0.71706072
-0.63475,0.71706072
-0.6345,0.71706072
-0.63425,0.71706072
-0.634,0.71706072
-0.63375,0.71706072
-0.6335,0.71706072
-0.63325,0.71706072
-0.633,0.71706072
-0.63275,0.71706072
-0.6325,0.71706072
-0.63225,0.71706072
-0.632,0.71706072
-0.63175,0.71706072
-0.6315,0.71706072
-0.63125,0.71706072
-0.631,0.71706072
-0.63075,0.71706072
-0.6305,0.71706072
-0.63025,0.71706072
-0.63,0.71706072
-0.62975,0.71706072
-0.6295,0.71706072
-0.62925,0.71706072
-0.629,0.71706072
-0.62875,0.71706072
-0.6285,0.71706072
-0.62825,0.71706072
-0.628,0.71706072
-0.62775,0.71706072
-0.6275,0.71706072
-0.62725,0.71706072
-0.627,0.71706072
-0.62675,0.71706072
-0.6265,0.71706072
-0.62625,0.71706072
-0.626,0.71706072
-0.62575,0.71706072
-0.6255,0.71706072
-0.62525,0.71706072
-0.625,0.71706072
-0.62475,0.71706072
-0.6245,0.71706072
-0.62425,0.71706072
-0.624,0.71706072
-0.62375,0.71706072
-0.6235,0.71706072
-0.62325,0.71706072
-0.623,0.71706072
-0.62275,0.71706072
-0.6225,0.71706072
-0.62225,0.71706072
-0.622,0.71706072
-0.62175,0.71706072
-0.6215,0.71706072
-0.62125,0.71706072
-0.621,0.71706072
-0.62075,0.71706072
-0.6205,0.71706072
-0.62025,0.71706072
-0.62,0.71706072
-0.61975,0.71706072
-0.6195,0.71706072
-0.61925,0.71706072
-0.619,0.71706072
-0.61875,0.71706072
-0.6185,0.71706072
-0.61825,0.71706072
-0.618,0.71706072
-0.61775,0.71706072
-0.6175,0.71706072
-0.61725,0.71706072
-0.617,0.71706072
-0.61675,0.71706072
-0.6165,0.71706072
-0.61625,0.71706072
-0.616,0.71706072
-0.61575,0.71706072
-0.6155,0.71706072
-0.61525,0.71706072
-0.615,0.71706072
-0.61475,0.71706072
-0.6145,0.713542244
-0.61425,0.71706072
-0.614,0.71706072
-0.61375,0.71706072
-0.6135,0.71706072
-0.61325,0.71706072
-0.613,0.71706072
-0.61275,0.71706072
-0.6125,0.71706072
-0.61225,0.738171576
-0.612,0.780393286
-0.61175,0.81205957
-0.6115,0.815578046
-0.61125,0.815578046
-0.611,0.815578046
-0.61075,0.815578046
-0.6105,0.815578046
-0.61025,0.815578046
-0.61,0.815578046
-0.60975,0.815578046
-0.6095,0.815578046
-0.60925,0.815578046
-0.609,0.815578046
-0.60875,0.815578046
-0.6085,0.815578046
-0.60825,0.815578046
-0.608,0.815578046
-0.60775,0.815578046
-0.6075,0.815578046
-0.60725,0.815578046
-0.607,0.815578046
-0.60675,0.815578046
-0.6065,0.815578046
-0.60625,0.815578046
-0.606,0.815578046
-0.60575,0.815578046
-0.6055,0.815578046
-0.60525,0.815578046
-0.605,0.815578046
-0.60475,0.815578046
-0.6045,0.815578046
-0.60425,0.815578046
-0.604,0.815578046
-0.60375,0.815578046
-0.6035,0.815578046
-0.60325,0.815578046
-0.603,0.815578046
-0.60275,0.815578046
-0.6025,0.815578046
-0.60225,0.815578046
-0.602,0.815578046
-0.60175,0.815578046
-0.6015,0.815578046
-0.60125,0.815578046
-0.601,0.815578046
-0.60075,0.815578046
-0.6005,0.815578046
-0.60025,0.815578046
-0.6,0.815578046
-0.59975,0.815578046
-0.5995,0.815578046
-0.59925,0.815578046
-0.599,0.815578046
-0.59875,0.815578046
-0.5985,0.815578046
-0.59825,0.815578046
-0.598,0.815578046
-0.59775,0.815578046
-0.5975,0.815578046
-0.59725,0.815578046
-0.597,0.815578046
-0.59675,0.815578046
-0.5965,0.815578046
-0.59625,0.815578046
-0.596,0.815578046
-0.59575,0.815578046
-0.5955,0.815578046
-0.59525,0.815578046
-0.595,0.815578046
-0.59475,0.815578046
-0.5945,0.815578046
-0.59425,0.815578046
-0.594,0.815578046
-0.59375,0.815578046
-0.5935,0.815578046
-0.59325,0.815578046
-0.593,0.815578046
-0.59275,0.815578046
-0.5925,0.815578046
-0.59225,0.815578046
-0.592,0.815578046
-0.59175,0.815578046
-0.5915,0.815578046
-0.59125,0.815578046
-0.591,0.815578046
-0.59075,0.815578046
-0.5905,0.815578046
-0.59025,0.815578046
-0.59,0.815578046
-0.58975,0.815578046
-0.5895,0.815578046
-0.58925,0.815578046
-0.589,0.815578046
-0.58875,0.815578046
-0.5885,0.815578046
-0.58825,0.815578046
-0.588,0.815578046
-0.58775,0.815578046
-0.5875,0.815578046
-0.58725,0.815578046
-0.587,0.815578046
-0.58675,0.815578046
-0.5865,0.815578046
-0.58625,0.815578046
-0.586,0.815578046
-0.58575,0.815578046
-0.5855,0.815578046
-0.58525,0.815578046
-0.585,0.815578046
-0.58475,0.815578046
-0.5845,0.815578046
-0.58425,0.815578046
-0.584,0.815578046
-0.58375,0.815578046
-0.5835,0.815578046
-0.58325,0.815578046
-0.583,0.815578046
-0.58275,0.815578046
-0.5825,0.815578046
-0.58225,0.815578046
-0.582,0.815578046
-0.58175,0.815578046
-0.5815,0.815578046
-0.58125,0.815578046
-0.581,0.815578046
-0.58075,0.815578046
-0.5805,0.815578046
-0.58025,0.815578046
-0.58,0.815578046
-0.57975,0.815578046
-0.5795,0.815578046
-0.57925,0.819096521
-0.579,0.847244329
-0.57875,0.88946604
-0.5785,0.914095371
-0.57825,0.917613847
-0.578,0.917613847
-0.57775,0.917613847
-0.5775,0.917613847
-0.57725,0.917613847
-0.577,0.917613847
-0.57675,0.917613847
-0.5765,0.917613847
-0.57625,0.917613847
-0.576,0.917613847
-0.57575,0.917613847
-0.5755,0.917613847
-0.57525,0.917613847
-0.575,0.917613847
-0.57475,0.917613847
-0.5745,0.917613847
-0.57425,0.917613847
-0.574,0.914095371
-0.57375,0.917613847
-0.5735,0.917613847
-0.57325,0.917613847
-0.573,0.917613847
-0.57275,0.914095371
-0.5725,0.917613847
-0.57225,0.917613847
-0.572,0.917613847
-0.57175,0.917613847
-0.5715,0.917613847
-0.57125,0.917613847
-0.571,0.917613847
-0.57075,0.917613847
-0.5705,0.917613847
-0.57025,0.917613847
-0.57,0.917613847
-0.56975,0.917613847
-0.5695,0.917613847
-0.56925,0.917613847
-0.569,0.917613847
-0.56875,0.917613847
-0.5685,0.917613847
-0.56825,0.914095371
-0.568,0.917613847
-0.56775,0.917613847
-0.5675,0.917613847
-0.56725,0.917613847
-0.567,0.917613847
-0.56675,0.917613847
-0.5665,0.917613847
-0.56625,0.917613847
-0.566,0.917613847
-0.56575,0.917613847
-0.5655,0.917613847
-0.56525,0.917613847
-0.565,0.917613847
-0.56475,0.917613847
-0.5645,0.917613847
-0.56425,0.917613847
-0.564,0.917613847
-0.56375,0.917613847
-0.5635,0.917613847
-0.56325,0.917613847
-0.563,0.917613847
-0.56275,0.917613847
-0.5625,0.917613847
-0.56225,0.917613847
-0.562,0.917613847
-0.56175,0.917613847
-0.5615,0.917613847
-0.56125,0.917613847
-0.561,0.917613847
-0.56075,0.917613847
-0.5605,0.917613847
-0.56025,0.917613847
-0.56,0.917613847
-0.55975,0.917613847
-0.5595,0.917613847
-0.55925,0.917613847
-0.559,0.917613847
-0.55875,0.917613847
-0.5585,0.917613847
-0.55825,0.917613847
-0.558,0.917613847
-0.55775,0.917613847
-0.5575,0.917613847
-0.55725,0.917613847
-0.557,0.917613847
-0.55675,0.917613847
-0.5565,0.917613847
-0.55625,0.917613847
-0.556,0.917613847
-0.55575,0.917613847
-0.5555,0.917613847
-0.55525,0.917613847
-0.555,0.917613847
-0.55475,0.917613847
-0.5545,0.917613847
-0.55425,0.917613847
-0.554,0.917613847
-0.55375,0.917613847
-0.5535,0.917613847
-0.55325,0.917613847
-0.553,0.917613847
-0.55275,0.917613847
-0.5525,0.917613847
-0.55225,0.917613847
-0.552,0.917613847
-0.55175,0.917613847
-0.5515,0.917613847
-0.55125,0.917613847
-0.551,0.917613847
-0.55075,0.917613847
-0.5505,0.917613847
-0.55025,0.917613847
-0.55,0.917613847
-0.54975,0.917613847
-0.5495,0.917613847
-0.54925,0.917613847
-0.549,0.917613847
-0.54875,0.917613847
-0.5485,0.917613847
-0.54825,0.917613847
-0.548,0.917613847
-0.54775,0.917613847
-0.5475,0.917613847
-0.54725,0.917613847
-0.547,0.917613847
-0.54675,0.917613847
-0.5465,0.917613847
-0.54625,0.917613847
-0.546,0.924650799
-0.54575,0.959835558
-0.5455,1.002057268
-0.54525,1.016131172
-0.545,1.016131172
-0.54475,1.016131172
-0.5445,1.016131172
-0.54425,1.016131172
-0.544,1.016131172
-0.54375,1.016131172
-0.5435,1.016131172
-0.54325,1.016131172
-0.543,1.016131172
-0.54275,1.016131172
-0.5425,1.016131172
-0.54225,1.016131172
-0.542,1.016131172
-0.54175,1.016131172
-0.5415,1.016131172
-0.54125,1.016131172
-0.541,1.016131172
-0.54075,1.016131172
-0.5405,1.016131172
-0.54025,1.016131172
-0.54,1.016131172
-0.53975,1.016131172
-0.5395,1.016131172
-0.53925,1.016131172
-0.539,1.016131172
-0.53875,1.016131172
-0.5385,1.016131172
-0.53825,1.016131172
-0.538,1.016131172
-0.53775,1.016131172
-0.5375,1.016131172
-0.53725,1.016131172
-0.537,1.016131172
-0.53675,1.016131172
-0.5365,1.016131172
-0.53625,1.016131172
-0.536,1.016131172
-0.53575,1.016131172
-0.5355,1.016131172
-0.53525,1.016131172
-0.535,1.016131172
-0.53475,1.016131172
-0.5345,1.016131172
-0.53425,1.016131172
-0.534,1.016131172
-0.53375,1.016131172
-0.5335,1.016131172
-0.53325,1.016131172
-0.533,1.016131172
-0.53275,1.016131172
-0.5325,1.016131172
-0.53225,1.016131172
-0.532,1.016131172
-0.53175,1.016131172
-0.5315,1.016131172
-0.53125,1.016131172
-0.531,1.016131172
-0.53075,1.016131172
-0.5305,1.016131172
-0.53025,1.016131172
-0.53,1.016131172
-0.52975,1.016131172
-0.5295,1.016131172
-0.52925,1.016131172
-0.529,1.016131172
-0.52875,1.016131172
-0.5285,1.016131172
-0.52825,1.016131172
-0.528,1.016131172
-0.52775,1.016131172
-0.5275,1.016131172
-0.52725,1.016131172
-0.527,1.016131172
-0.52675,1.016131172
-0.5265,1.016131172
-0.52625,1.016131172
-0.526,1.016131172
-0.52575,1.016131172
-0.5255,1.016131172
-0.52525,1.016131172
-0.525,1.016131172
-0.52475,1.016131172
-0.5245,1.016131172
-0.52425,1.016131172
-0.524,1.016131172
-0.52375,1.016131172
-0.5235,1.016131172
-0.52325,1.016131172
-0.523,1.016131172
-0.52275,1.016131172
-0.5225,1.016131172
-0.52225,1.016131172
-0.522,1.016131172
-0.52175,1.016131172
-0.5215,1.016131172
-0.52125,1.016131172
-0.521,1.016131172
-0.52075,1.016131172
-0.5205,1.016131172
-0.52025,1.016131172
-0.52,1.016131172
-0.51975,1.016131172
-0.5195,1.016131172
-0.51925,1.016131172
-0.519,1.016131172
-0.51875,1.016131172
-0.5185,1.016131172
-0.51825,1.016131172
-0.518,1.016131172
-0.51775,1.016131172
-0.5175,1.016131172
-0.51725,1.016131172
-0.517,1.016131172
-0.51675,1.016131172
-0.5165,1.016131172
-0.51625,1.016131172
-0.516,1.016131172
-0.51575,1.016131172
-0.5155,1.016131172
-0.51525,1.016131172
-0.515,1.016131172
-0.51475,1.016131172
-0.5145,1.016131172
-0.51425,1.016131172
-0.514,1.016131172
-0.51375,1.016131172
-0.5135,1.016131172
-0.51325,1.016131172
-0.513,1.016131172
-0.51275,1.030205076
-0.5125,1.072426787
-0.51225,1.107611546
-0.512,1.118166973
-0.51175,1.118166973
-0.5115,1.114648497
-0.51125,1.118166973
-0.511,1.118166973
-0.51075,1.118166973
-0.5105,1.118166973
-0.51025,1.118166973
-0.51,1.118166973
-0.50975,1.118166973
-0.5095,1.118166973
-0.50925,1.118166973
-0.509,1.118166973
-0.50875,1.114648497
-0.5085,1.114648497
-0.50825,1.118166973
-0.508,1.118166973
-0.50775,1.118166973
-0.5075,1.118166973
-0.50725,1.118166973
-0.507,1.118166973
-0.50675,1.118166973
-0.5065,1.118166973
-0.50625,1.118166973
-0.506,1.118166973
-0.50575,1.118166973
-0.5055,1.118166973
-0.50525,1.114648497
-0.505,1.114648497
-0.50475,1.118166973
-0.5045,1.118166973
-0.50425,1.118166973
-0.504,1.118166973
-0.50375,1.118166973
-0.5035,1.118166973
-0.50325,1.118166973
-0.503,1.118166973
-0.50275,1.118166973
-0.5025,1.118166973
-0.50225,1.118166973
-0.502,1.118166973
-0.50175,1.114648497
-0.5015,1.118166973
-0.50125,1.118166973
-0.501,1.118166973
-0.50075,1.118166973
-0.5005,1.118166973
-0.50025,1.118166973
-0.5,1.118166973
-0.49975,1.118166973
-0.4995,1.118166973
-0.49925,1.118166973
-0.499,1.118166973
-0.49875,1.118166973
-0.4985,1.118166973
-0.49825,1.118166973
-0.498,1.118166973
-0.49775,1.118166973
-0.4975,1.118166973
-0.49725,1.118166973
-0.497,1.118166973
-0.49675,1.118166973
-0.4965,1.118166973
-0.49625,1.118166973
-0.496,1.118166973
-0.49575,1.118166973
-0.4955,1.118166973
-0.49525,1.118166973
-0.495,1.118166973
-0.49475,1.118166973
-0.4945,1.118166973
-0.49425,1.118166973
-0.494,1.118166973
-0.49375,1.118166973
-0.4935,1.118166973
-0.49325,1.118166973
-0.493,1.118166973
-0.49275,1.118166973
-0.4925,1.118166973
-0.49225,1.118166973
-0.492,1.118166973
-0.49175,1.118166973
-0.4915,1.118166973
-0.49125,1.118166973
-0.491,1.118166973
-0.49075,1.118166973
-0.4905,1.118166973
-0.49025,1.118166973
-0.49,1.118166973
-0.48975,1.118166973
-0.4895,1.118166973
-0.48925,1.118166973
-0.489,1.118166973
-0.48875,1.118166973
-0.4885,1.118166973
-0.48825,1.118166973
-0.488,1.118166973
-0.48775,1.118166973
-0.4875,1.118166973
-0.48725,1.118166973
-0.487,1.118166973
-0.48675,1.118166973
-0.4865,1.118166973
-0.48625,1.118166973
-0.486,1.118166973
-0.48575,1.118166973
-0.4855,1.118166973
-0.48525,1.118166973
-0.485,1.118166973
-0.48475,1.118166973
-0.4845,1.118166973
-0.48425,1.118166973
-0.484,1.118166973
-0.48375,1.118166973
-0.4835,1.118166973
-0.48325,1.118166973
-0.483,1.118166973
-0.48275,1.118166973
-0.4825,1.118166973
-0.48225,1.118166973
-0.482,1.118166973
-0.48175,1.118166973
-0.4815,1.118166973
-0.48125,1.118166973
-0.481,1.118166973
-0.48075,1.118166973
-0.4805,1.118166973
-0.48025,1.118166973
-0.48,1.118166973
-0.47975,1.118166973
-0.4795,1.142796305
-0.47925,1.188536491
-0.479,1.216684299
-0.47875,1.220202775
-0.4785,1.220202775
-0.47825,1.220202775
-0.478,1.220202775
-0.47775,1.220202775
-0.4775,1.220202775
-0.47725,1.220202775
-0.477,1.220202775
-0.47675,1.220202775
-0.4765,1.220202775
-0.47625,1.220202775
-0.476,1.220202775
-0.47575,1.220202775
-0.4755,1.220202775
-0.47525,1.220202775
-0.475,1.216684299
-0.47475,1.216684299
-0.4745,1.220202775
-0.47425,1.220202775
-0.474,1.220202775
-0.47375,1.220202775
-0.4735,1.220202775
-0.47325,1.220202775
-0.473,1.216684299
-0.47275,1.220202775
-0.4725,1.220202775
-0.47225,1.220202775
-0.472,1.216684299
-0.47175,1.220202775
-0.4715,1.220202775
-0.47125,1.220202775
-0.471,1.220202775
-0.47075,1.220202775
-0.4705,1.220202775
-0.47025,1.216684299
-0.47,1.216684299
-0.46975,1.220202775
-0.4695,1.220202775
-0.46925,1.220202775
-0.469,1.220202775
-0.46875,1.220202775
-0.4685,1.220202775
-0.46825,1.220202775
-0.468,1.220202775
-0.46775,1.220202775
-0.4675,1.220202775
-0.46725,1.220202775
-0.467,1.220202775
-0.46675,1.220202775
-0.4665,1.220202775
-0.46625,1.220202775
-0.466,1.220202775
-0.46575,1.220202775
-0.4655,1.220202775
-0.46525,1.220202775
-0.465,1.216684299
-0.46475,1.220202775
-0.4645,1.220202775
-0.46425,1.216684299
-0.464,1.216684299
-0.46375,1.220202775
-0.4635,1.216684299
-0.46325,1.220202775
-0.463,1.220202775
-0.46275,1.220202775
-0.4625,1.220202775
-0.46225,1.220202775
-0.462,1.220202775
-0.46175,1.220202775
-0.4615,1.220202775
-0.46125,1.220202775
-0.461,1.220202775
-0.46075,1.220202775
-0.4605,1.220202775
-0.46025,1.220202775
-0.46,1.220202775
-0.45975,1.220202775
-0.4595,1.220202775
-0.45925,1.220202775
-0.459,1.220202775
-0.45875,1.220202775
-0.4585,1.220202775
-0.45825,1.220202775
-0.458,1.220202775
-0.45775,1.220202775
-0.4575,1.220202775
-0.45725,1.220202775
-0.457,1.220202775
-0.45675,1.220202775
-0.4565,1.220202775
-0.45625,1.220202775
-0.456,1.220202775
-0.45575,1.220202775
-0.4555,1.220202775
-0.45525,1.220202775
-0.455,1.220202775
-0.45475,1.220202775
-0.4545,1.220202775
-0.45425,1.220202775
-0.454,1.220202775
-0.45375,1.220202775
-0.4535,1.220202775
-0.45325,1.220202775
-0.453,1.220202775
-0.45275,1.220202775
-0.4525,1.220202775
-0.45225,1.220202775
-0.452,1.220202775
-0.45175,1.220202775
-0.4515,1.220202775
-0.45125,1.220202775
-0.451,1.220202775
-0.45075,1.220202775
-0.4505,1.220202775
-0.45025,1.220202775
-0.45,1.220202775
-0.44975,1.220202775
-0.4495,1.220202775
-0.44925,1.220202775
-0.449,1.220202775
-0.44875,1.220202775
-0.4485,1.220202775
-0.44825,1.220202775
-0.448,1.220202775
-0.44775,1.220202775
-0.4475,1.220202775
-0.44725,1.220202775
-0.447,1.220202775
-0.44675,1.220202775
-0.4465,1.22372125
-0.44625,1.255387534
-0.446,1.297609244
-0.44575,1.3187201
-0.4455,1.3187201
-0.44525,1.3187201
-0.445,1.3187201
-0.44475,1.3187201
-0.4445,1.3187201
-0.44425,1.3187201
-0.444,1.3187201
-0.44375,1.3187201
-0.4435,1.3187201
-0.44325,1.315201624
-0.443,1.3187201
-0.44275,1.3187201
-0.4425,1.3187201
-0.44225,1.3187201
-0.442,1.3187201
-0.44175,1.3187201
-0.4415,1.3187201
-0.44125,1.3187201
-0.441,1.3187201
-0.44075,1.3187201
-0.4405,1.3187201
-0.44025,1.3187201
-0.44,1.3187201
-0.43975,1.3187201
-0.4395,1.3187201
-0.43925,1.3187201
-0.439,1.3187201
-0.43875,1.3187201
-0.4385,1.3187201
-0.43825,1.3187201
-0.438,1.3187201
-0.43775,1.3187201
-0.4375,1.3187201
-0.43725,1.3187201
-0.437,1.3187201
-0.43675,1.3187201
-0.4365,1.3187201
-0.43625,1.3187201
-0.436,1.3187201
-0.43575,1.3187201
-0.4355,1.3187201
-0.43525,1.3187201
-0.435,1.3187201
-0.43475,1.3187201
-0.4345,1.3187201
-0.43425,1.3187201
-0.434,1.3187201
-0.43375,1.3187201
-0.4335,1.3187201
-0.43325,1.3187201
-0.433,1.3187201
-0.43275,1.3187201
-0.4325,1.3187201
-0.43225,1.3187201
-0.432,1.3187201
-0.43175,1.3187201
-0.4315,1.3187201
-0.43125,1.3187201
-0.431,1.3187201
-0.43075,1.3187201
-0.4305,1.3187201
-0.43025,1.3187201
-0.43,1.3187201
-0.42975,1.3187201
-0.4295,1.3187201
-0.42925,1.3187201
-0.429,1.3187201
-0.42875,1.3187201
-0.4285,1.3187201
-0.42825,1.3187201
-0.428,1.3187201
-0.42775,1.3187201
-0.4275,1.3187201
-0.42725,1.3187201
-0.427,1.3187201
-0.42675,1.3187201
-0.4265,1.3187201
-0.42625,1.3187201
-0.426,1.3187201
-0.42575,1.3187201
-0.4255,1.3187201
-0.42525,1.3187201
-0.425,1.3187201
-0.42475,1.3187201
-0.4245,1.3187201
-0.42425,1.3187201
-0.424,1.3187201
-0.42375,1.3187201
-0.4235,1.3187201
-0.42325,1.3187201
-0.423,1.3187201
-0.42275,1.3187201
-0.4225,1.3187201
-0.42225,1.3187201
-0.422,1.3187201
-0.42175,1.3187201
-0.4215,1.3187201
-0.42125,1.3187201
-0.421,1.3187201
-0.42075,1.3187201
-0.4205,1.3187201
-0.42025,1.3187201
-0.42,1.3187201
-0.41975,1.3187201
-0.4195,1.3187201
-0.41925,1.3187201
-0.419,1.3187201
-0.41875,1.3187201
-0.4185,1.3187201
-0.41825,1.3187201
-0.418,1.3187201
-0.41775,1.3187201
-0.4175,1.3187201
-0.41725,1.3187201
-0.417,1.3187201
-0.41675,1.3187201
-0.4165,1.3187201
-0.41625,1.3187201
-0.416,1.3187201
-0.41575,1.3187201
-0.4155,1.3187201
-0.41525,1.3187201
-0.415,1.3187201
-0.41475,1.3187201
-0.4145,1.3187201
-0.41425,1.3187201
-0.414,1.3187201
-0.41375,1.3187201
-0.4135,1.3187201
-0.41325,1.329275528
-0.413,1.367978763
-0.41275,1.406681997
-0.4125,1.420755901
-0.41225,1.417237425
-0.412,1.420755901
-0.41175,1.420755901
-0.4115,1.420755901
-0.41125,1.420755901
-0.411,1.420755901
-0.41075,1.417237425
-0.4105,1.420755901
-0.41025,1.417237425
-0.41,1.420755901
-0.40975,1.420755901
-0.4095,1.420755901
-0.40925,1.420755901
-0.409,1.420755901
-0.40875,1.420755901
-0.4085,1.417237425
-0.40825,1.420755901
-0.408,1.420755901
-0.40775,1.417237425
-0.4075,1.420755901
-0.40725,1.417237425
-0.407,1.417237425
-0.40675,1.420755901
-0.4065,1.417237425
-0.40625,1.420755901
-0.406,1.420755901
-0.40575,1.417237425
-0.4055,1.417237425
-0.40525,1.417237425
-0.405,1.420755901
-0.40475,1.417237425
-0.4045,1.420755901
-0.40425,1.420755901
-0.404,1.420755901
-0.40375,1.420755901
-0.4035,1.417237425
-0.40325,1.420755901
-0.403,1.420755901
-0.40275,1.420755901
-0.4025,1.420755901
-0.40225,1.420755901
-0.402,1.420755901
-0.40175,1.420755901
-0.4015,1.420755901
-0.40125,1.420755901
-0.401,1.420755901
-0.40075,1.420755901
-0.4005,1.420755901
-0.40025,1.420755901
-0.4,1.420755901
-0.39975,1.420755901
-0.3995,1.420755901
-0.39925,1.420755901
-0.399,1.420755901
-0.39875,1.420755901
-0.3985,1.420755901
-0.39825,1.417237425
-0.398,1.420755901
-0.39775,1.420755901
-0.3975,1.420755901
-0.39725,1.420755901
-0.397,1.420755901
-0.39675,1.420755901
-0.3965,1.420755901
-0.39625,1.420755901
-0.396,1.420755901
-0.39575,1.420755901
-0.3955,1.420755901
-0.39525,1.420755901
-0.395,1.420755901
-0.39475,1.417237425
-0.3945,1.417237425
-0.39425,1.417237425
-0.394,1.417237425
-0.39375,1.420755901
-0.3935,1.420755901
-0.39325,1.420755901
-0.393,1.417237425
-0.39275,1.420755901
-0.3925,1.420755901
-0.39225,1.420755901
-0.392,1.420755901
-0.39175,1.420755901
-0.3915,1.420755901
-0.39125,1.420755901
-0.391,1.420755901
-0.39075,1.420755901
-0.3905,1.420755901
-0.39025,1.420755901
-0.39,1.417237425
-0.38975,1.420755901
-0.3895,1.420755901
-0.38925,1.420755901
-0.389,1.420755901
-0.38875,1.420755901
-0.3885,1.420755901
-0.38825,1.420755901
-0.388,1.420755901
-0.38775,1.420755901
-0.3875,1.420755901
-0.38725,1.420755901
-0.387,1.420755901
-0.38675,1.420755901
-0.3865,1.420755901
-0.38625,1.420755901
-0.386,1.420755901
-0.38575,1.420755901
-0.3855,1.420755901
-0.38525,1.420755901
-0.385,1.420755901
-0.38475,1.420755901
-0.3845,1.420755901
-0.38425,1.420755901
-0.384,1.420755901
-0.38375,1.420755901
-0.3835,1.420755901
-0.38325,1.420755901
-0.383,1.420755901
-0.38275,1.420755901
-0.3825,1.420755901
-0.38225,1.420755901
-0.382,1.420755901
-0.38175,1.420755901
-0.3815,1.420755901
-0.38125,1.420755901
-0.381,1.420755901
-0.38075,1.420755901
-0.3805,1.420755901
-0.38025,1.420755901
-0.38,1.438348281
-0.37975,1.480569991
-0.3795,1.512236275
-0.37925,1.519273226
-0.379,1.519273226
-0.37875,1.519273226
-0.3785,1.519273226
-0.37825,1.519273226
-0.378,1.519273226
-0.37775,1.519273226
-0.3775,1.519273226
-0.37725,1.519273226
-0.377,1.519273226
-0.37675,1.519273226
-0.3765,1.519273226
-0.37625,1.519273226
-0.376,1.519273226
-0.37575,1.519273226
-0.3755,1.519273226
-0.37525,1.519273226
-0.375,1.519273226
-0.37475,1.519273226
-0.3745,1.519273226
-0.37425,1.519273226
-0.374,1.519273226
-0.37375,1.519273226
-0.3735,1.519273226
-0.37325,1.519273226
-0.373,1.519273226
-0.37275,1.519273226
-0.3725,1.519273226
-0.37225,1.519273226
-0.372,1.519273226
-0.37175,1.519273226
-0.3715,1.519273226
-0.37125,1.519273226
-0.371,1.519273226
-0.37075,1.519273226
-0.3705,1.519273226
-0.37025,1.519273226
-0.37,1.519273226
-0.36975,1.519273226
-0.3695,1.519273226
-0.36925,1.519273226
-0.369,1.519273226
-0.36875,1.519273226
-0.3685,1.519273226
-0.36825,1.519273226
-0.368,1.519273226
-0.36775,1.519273226
-0.3675,1.519273226
-0.36725,1.519273226
-0.367,1.519273226
-0.36675,1.519273226
-0.3665,1.519273226
-0.36625,1.519273226
-0.366,1.519273226
-0.36575,1.519273226
-0.3655,1.519273226
-0.36525,1.519273226
-0.365,1.519273226
-0.36475,1.519273226
-0.3645,1.519273226
-0.36425,1.519273226
-0.364,1.519273226
-0.36375,1.519273226
-0.3635,1.519273226
-0.36325,1.519273226
-0.363,1.519273226
-0.36275,1.519273226
-0.3625,1.519273226
-0.36225,1.519273226
-0.362,1.519273226
-0.36175,1.519273226
-0.3615,1.519273226
-0.36125,1.519273226
-0.361,1.519273226
-0.36075,1.519273226
-0.3605,1.519273226
-0.36025,1.519273226
-0.36,1.519273226
-0.35975,1.519273226
-0.3595,1.519273226
-0.35925,1.519273226
-0.359,1.519273226
-0.35875,1.519273226
-0.3585,1.519273226
-0.35825,1.519273226
-0.358,1.519273226
-0.35775,1.519273226
-0.3575,1.519273226
-0.35725,1.519273226
-0.357,1.519273226
-0.35675,1.519273226
-0.3565,1.519273226
-0.35625,1.519273226
-0.356,1.519273226
-0.35575,1.519273226
-0.3555,1.519273226
-0.35525,1.519273226
-0.355,1.519273226
-0.35475,1.519273226
-0.3545,1.519273226
-0.35425,1.519273226
-0.354,1.519273226
-0.35375,1.519273226
-0.3535,1.519273226
-0.35325,1.519273226
-0.353,1.519273226
-0.35275,1.519273226
-0.3525,1.519273226
-0.35225,1.519273226
-0.352,1.519273226
-0.35175,1.519273226
-0.3515,1.519273226
-0.35125,1.519273226
-0.351,1.519273226
-0.35075,1.519273226
-0.3505,1.519273226
-0.35025,1.519273226
-0.35,1.519273226
-0.34975,1.519273226
-0.3495,1.519273226
-0.34925,1.519273226
-0.349,1.519273226
-0.34875,1.519273226
-0.3485,1.519273226
-0.34825,1.519273226
-0.348,1.519273226
-0.34775,1.519273226
-0.3475,1.519273226
-0.34725,1.519273226
-0.347,1.522791702
-0.34675,1.547421034
-0.3465,1.59316122
-0.34625,1.617790552
-0.346,1.617790552
-0.34575,1.621309028
-0.3455,1.621309028
-0.34525,1.621309028
-0.345,1.621309028
-0.34475,1.621309028
-0.3445,1.621309028
-0.34425,1.621309028
-0.344,1.621309028
-0.34375,1.621309028
-0.3435,1.621309028
-0.34325,1.621309028
-0.343,1.621309028
-0.34275,1.621309028
-0.3425,1.621309028
-0.34225,1.621309028
-0.342,1.621309028
-0.34175,1.621309028
-0.3415,1.621309028
-0.34125,1.621309028
-0.341,1.621309028
-0.34075,1.621309028
-0.3405,1.621309028
-0.34025,1.621309028
-0.34,1.621309028
-0.33975,1.621309028
-0.3395,1.621309028
-0.33925,1.621309028
-0.339,1.617790552
-0.33875,1.621309028
-0.3385,1.621309028
-0.33825,1.621309028
-0.338,1.621309028
-0.33775,1.621309028
-0.3375,1.621309028
-0.33725,1.617790552
-0.337,1.621309028
-0.33675,1.617790552
-0.3365,1.621309028
-0.33625,1.621309028
-0.336,1.617790552
-0.33575,1.621309028
-0.3355,1.617790552
-0.33525,1.617790552
-0.335,1.621309028
-0.33475,1.621309028
-0.3345,1.621309028
-0.33425,1.621309028
-0.334,1.621309028
-0.33375,1.617790552
-0.3335,1.621309028
-0.33325,1.621309028
-0.333,1.621309028
-0.33275,1.621309028
-0.3325,1.621309028
-0.33225,1.621309028
-0.332,1.621309028
-0.33175,1.621309028
-0.3315,1.621309028
-0.33125,1.621309028
-0.331,1.621309028
-0.33075,1.621309028
-0.3305,1.621309028
-0.33025,1.621309028
-0.33,1.621309028
-0.32975,1.621309028
-0.3295,1.621309028
-0.32925,1.621309028
-0.329,1.617790552
-0.32875,1.621309028
-0.3285,1.621309028
-0.32825,1.621309028
-0.328,1.617790552
-0.32775,1.621309028
-0.3275,1.617790552
-0.32725,1.621309028
-0.327,1.617790552
-0.32675,1.617790552
-0.3265,1.617790552
-0.32625,1.621309028
-0.326,1.617790552
-0.32575,1.621309028
-0.3255,1.617790552
-0.32525,1.617790552
-0.325,1.617790552
-0.32475,1.617790552
-0.3245,1.621309028
-0.32425,1.621309028
-0.324,1.621309028
-0.32375,1.621309028
-0.3235,1.621309028
-0.32325,1.621309028
-0.323,1.621309028
-0.32275,1.621309028
-0.3225,1.621309028
-0.32225,1.621309028
-0.322,1.621309028
-0.32175,1.621309028
-0.3215,1.621309028
-0.32125,1.621309028
-0.321,1.621309028
-0.32075,1.617790552
-0.3205,1.617790552
-0.32025,1.621309028
-0.32,1.621309028
-0.31975,1.621309028
-0.3195,1.621309028
-0.31925,1.621309028
-0.319,1.617790552
-0.31875,1.621309028
-0.3185,1.621309028
-0.31825,1.621309028
-0.318,1.621309028
-0.31775,1.621309028
-0.3175,1.621309028
-0.31725,1.621309028
-0.317,1.621309028
-0.31675,1.621309028
-0.3165,1.621309028
-0.31625,1.621309028
-0.316,1.621309028
-0.31575,1.621309028
-0.3155,1.621309028
-0.31525,1.621309028
-0.315,1.621309028
-0.31475,1.621309028
-0.3145,1.621309028
-0.31425,1.621309028
-0.314,1.621309028
-0.31375,1.628345979
-0.3135,1.663530739
-0.31325,1.702233973
-0.313,1.716307877
-0.31275,1.719826353
-0.3125,1.719826353
-0.31225,1.719826353
-0.312,1.719826353
-0.31175,1.719826353
-0.3115,1.719826353
-0.31125,1.719826353
-0.311,1.719826353
-0.31075,1.719826353
-0.3105,1.719826353
-0.31025,1.719826353
-0.31,1.716307877
-0.30975,1.719826353
-0.3095,1.719826353
-0.30925,1.719826353
-0.309,1.719826353
-0.30875,1.719826353
-0.3085,1.716307877
-0.30825,1.719826353
-0.308,1.719826353
-0.30775,1.719826353
-0.3075,1.719826353
-0.30725,1.719826353
-0.307,1.719826353
-0.30675,1.719826353
-0.3065,1.719826353
-0.30625,1.719826353
-0.306,1.719826353
-0.30575,1.719826353
-0.3055,1.719826353
-0.30525,1.719826353
-0.305,1.719826353
-0.30475,1.719826353
-0.3045,1.719826353
-0.30425,1.719826353
-0.304,1.719826353
-0.30375,1.719826353
-0.3035,1.719826353
-0.30325,1.719826353
-0.303,1.719826353
-0.30275,1.719826353
-0.3025,1.719826353
-0.30225,1.719826353
-0.302,1.719826353
-0.30175,1.719826353
-0.3015,1.719826353
-0.30125,1.716307877
-0.301,1.719826353
-0.30075,1.719826353
-0.3005,1.719826353
-0.30025,1.719826353
-0.3,1.719826353
-0.29975,1.719826353
-0.2995,1.719826353
-0.29925,1.719826353
-0.299,1.719826353
-0.29875,1.719826353
-0.2985,1.719826353
-0.29825,1.719826353
-0.298,1.719826353
-0.29775,1.719826353
-0.2975,1.719826353
-0.29725,1.719826353
-0.297,1.719826353
-0.29675,1.719826353
-0.2965,1.719826353
-0.29625,1.719826353
-0.296,1.719826353
-0.29575,1.719826353
-0.2955,1.719826353
-0.29525,1.719826353
-0.295,1.719826353
-0.29475,1.719826353
-0.2945,1.719826353
-0.29425,1.719826353
-0.294,1.719826353
-0.29375,1.719826353
-0.2935,1.719826353
-0.29325,1.719826353
-0.293,1.719826353
-0.29275,1.719826353
-0.2925,1.719826353
-0.29225,1.719826353
-0.292,1.719826353
-0.29175,1.719826353
-0.2915,1.719826353
-0.29125,1.719826353
-0.291,1.719826353
-0.29075,1.719826353
-0.2905,1.719826353
-0.29025,1.719826353
-0.29,1.719826353
-0.28975,1.719826353
-0.2895,1.719826353
-0.28925,1.719826353
-0.289,1.719826353
-0.28875,1.719826353
-0.2885,1.719826353
-0.28825,1.719826353
-0.288,1.719826353
-0.28775,1.719826353
-0.2875,1.719826353
-0.28725,1.719826353
-0.287,1.719826353
-0.28675,1.719826353
-0.2865,1.719826353
-0.28625,1.719826353
-0.286,1.719826353
-0.28575,1.719826353
-0.2855,1.719826353
-0.28525,1.719826353
-0.285,1.719826353
-0.28475,1.719826353
-0.2845,1.719826353
-0.28425,1.719826353
-0.284,1.719826353
-0.28375,1.719826353
-0.2835,1.719826353
-0.28325,1.719826353
-0.283,1.719826353
-0.28275,1.719826353
-0.2825,1.719826353
-0.28225,1.719826353
-0.282,1.719826353
-0.28175,1.719826353
-0.2815,1.719826353
-0.28125,1.719826353
-0.281,1.719826353
-0.28075,1.719826353
-0.2805,1.733900257
-0.28025,1.772603492
-0.28,1.811306727
-0.27975,1.821862154
-0.2795,1.821862154
-0.27925,1.818343678
-0.279,1.821862154
-0.27875,1.818343678
-0.2785,1.818343678
-0.27825,1.821862154
-0.278,1.818343678
-0.27775,1.818343678
-0.2775,1.818343678
-0.27725,1.818343678
-0.277,1.821862154
-0.27675,1.821862154
-0.2765,1.818343678
-0.27625,1.818343678
-0.276,1.821862154
-0.27575,1.818343678
-0.2755,1.821862154
-0.27525,1.821862154
-0.275,1.818343678
-0.27475,1.821862154
-0.2745,1.818343678
-0.27425,1.818343678
-0.274,1.821862154
-0.27375,1.821862154
-0.2735,1.818343678
-0.27325,1.818343678
-0.273,1.818343678
-0.27275,1.818343678
-0.2725,1.818343678
-0.27225,1.818343678
-0.272,1.818343678
-0.27175,1.818343678
-0.2715,1.818343678
-0.27125,1.821862154
-0.271,1.821862154
-0.27075,1.818343678
-0.2705,1.818343678
-0.27025,1.818343678
-0.27,1.818343678
-0.26975,1.821862154
-0.2695,1.821862154
-0.26925,1.821862154
-0.269,1.821862154
-0.26875,1.818343678
-0.2685,1.818343678
-0.26825,1.818343678
-0.268,1.818343678
-0.26775,1.818343678
-0.2675,1.818343678
-0.26725,1.821862154
-0.267,1.818343678
-0.26675,1.821862154
-0.2665,1.821862154
-0.26625,1.821862154
-0.266,1.821862154
-0.26575,1.821862154
-0.2655,1.821862154
-0.26525,1.818343678
-0.265,1.818343678
-0.26475,1.818343678
-0.2645,1.821862154
-0.26425,1.821862154
-0.264,1.818343678
-0.26375,1.818343678
-0.2635,1.821862154
-0.26325,1.818343678
-0.263,1.818343678
-0.26275,1.818343678
-0.2625,1.818343678
-0.26225,1.818343678
-0.262,1.818343678
-0.26175,1.818343678
-0.2615,1.821862154
-0.26125,1.821862154
-0.261,1.818343678
-0.26075,1.818343678
-0.2605,1.818343678
-0.26025,1.818343678
-0.26,1.818343678
-0.25975,1.818343678
-0.2595,1.818343678
-0.25925,1.818343678
-0.259,1.818343678
-0.25875,1.821862154
-0.2585,1.818343678
-0.25825,1.818343678
-0.258,1.818343678
-0.25775,1.818343678
-0.2575,1.818343678
-0.25725,1.818343678
-0.257,1.818343678
-0.25675,1.818343678
-0.2565,1.818343678
-0.25625,1.818343678
-0.256,1.818343678
-0.25575,1.818343678
-0.2555,1.818343678
-0.25525,1.818343678
-0.255,1.818343678
-0.25475,1.818343678
-0.2545,1.818343678
-0.25425,1.818343678
-0.254,1.821862154
-0.25375,1.818343678
-0.2535,1.818343678
-0.25325,1.818343678
-0.253,1.818343678
-0.25275,1.821862154
-0.2525,1.818343678
-0.25225,1.818343678
-0.252,1.818343678
-0.25175,1.818343678
-0.2515,1.818343678
-0.25125,1.818343678
-0.251,1.821862154
-0.25075,1.821862154
-0.2505,1.818343678
-0.25025,1.818343678
-0.25,1.818343678
-0.24975,1.818343678
-0.2495,1.818343678
-0.24925,1.821862154
-0.249,1.818343678
-0.24875,1.818343678
-0.2485,1.818343678
-0.24825,1.818343678
-0.248,1.818343678
-0.24775,1.818343678
-0.2475,1.821862154
-0.24725,1.84297301
-0.247,1.888713196
-0.24675,1.916861004
-0.2465,1.92037948
-0.24625,1.92037948
-0.246,1.92037948
-0.24575,1.92037948
-0.2455,1.92037948
-0.24525,1.92037948
-0.245,1.92037948
-0.24475,1.92037948
-0.2445,1.92037948
-0.24425,1.92037948
-0.244,1.92037948
-0.24375,1.92037948
-0.2435,1.92037948
-0.24325,1.92037948
-0.243,1.92037948
-0.24275,1.92037948
-0.2425,1.92037948
-0.24225,1.92037948
-0.242,1.92037948
-0.24175,1.92037948
-0.2415,1.92037948
-0.24125,1.92037948
-0.241,1.92037948
-0.24075,1.92037948
-0.2405,1.92037948
-0.24025,1.92037948
-0.24,1.92037948
-0.23975,1.92037948
-0.2395,1.92037948
-0.23925,1.92037948
-0.239,1.92037948
-0.23875,1.92037948
-0.2385,1.92037948
-0.23825,1.92037948
-0.238,1.92037948
-0.23775,1.92037948
-0.2375,1.92037948
-0.23725,1.92037948
-0.237,1.92037948
-0.23675,1.92037948
-0.2365,1.92037948
-0.23625,1.92037948
-0.236,1.92037948
-0.23575,1.92037948
-0.2355,1.92037948
-0.23525,1.92037948
-0.235,1.92037948
-0.23475,1.92037948
-0.2345,1.92037948
-0.23425,1.92037948
-0.234,1.92037948
-0.23375,1.92037948
-0.2335,1.92037948
-0.23325,1.92037948
-0.233,1.92037948
-0.23275,1.92037948
-0.2325,1.92037948
-0.23225,1.92037948
-0.232,1.92037948
-0.23175,1.92037948
-0.2315,1.92037948
-0.23125,1.92037948
-0.231,1.92037948
-0.23075,1.92037948
-0.2305,1.92037948
-0.23025,1.92037948
-0.23,1.92037948
-0.22975,1.92037948
-0.2295,1.92037948
-0.22925,1.92037948
-0.229,1.92037948
-0.22875,1.92037948
-0.2285,1.92037948
-0.22825,1.92037948
-0.228,1.92037948
-0.22775,1.92037948
-0.2275,1.92037948
-0.22725,1.92037948
-0.227,1.92037948
-0.22675,1.92037948
-0.2265,1.92037948
-0.22625,1.92037948
-0.226,1.92037948
-0.22575,1.92037948
-0.2255,1.92037948
-0.22525,1.92037948
-0.225,1.92037948
-0.22475,1.92037948
-0.2245,1.92037948
-0.22425,1.92037948
-0.224,1.916861004
-0.22375,1.92037948
-0.2235,1.92037948
-0.22325,1.92037948
-0.223,1.92037948
-0.22275,1.92037948
-0.2225,1.92037948
-0.22225,1.92037948
-0.222,1.92037948
-0.22175,1.92037948
-0.2215,1.92037948
-0.22125,1.92037948
-0.221,1.92037948
-0.22075,1.916861004
-0.2205,1.92037948
-0.22025,1.92037948
-0.22,1.92037948
-0.21975,1.916861004
-0.2195,1.92037948
-0.21925,1.92037948
-0.219,1.92037948
-0.21875,1.92037948
-0.2185,1.92037948
-0.21825,1.92037948
-0.218,1.92037948
-0.21775,1.92037948
-0.2175,1.92037948
-0.21725,1.92037948
-0.217,1.92037948
-0.21675,1.92037948
-0.2165,1.92037948
-0.21625,1.92037948
-0.216,1.92037948
-0.21575,1.92037948
-0.2155,1.92037948
-0.21525,1.92037948
-0.215,1.92037948
-0.21475,1.92037948
-0.2145,1.92037948
-0.21425,1.923897955
-0.214,1.955564239
-0.21375,1.997785949
-0.2135,2.018896805
-0.21325,2.022415281
-0.213,2.018896805
-0.21275,2.018896805
-0.2125,2.022415281
-0.21225,2.018896805
-0.212,2.018896805
-0.21175,2.022415281
-0.2115,2.018896805
-0.21125,2.022415281
-0.211,2.018896805
-0.21075,2.018896805
-0.2105,2.018896805
-0.21025,2.018896805
-0.21,2.018896805
-0.20975,2.018896805
-0.2095,2.018896805
-0.20925,2.018896805
-0.209,2.018896805
-0.20875,2.018896805
-0.2085,2.018896805
-0.20825,2.018896805
-0.208,2.018896805
-0.20775,2.018896805
-0.2075,2.018896805
-0.20725,2.018896805
-0.207,2.018896805
-0.20675,2.018896805
-0.2065,2.018896805
-0.20625,2.018896805
-0.206,2.022415281
-0.20575,2.022415281
-0.2055,2.018896805
-0.20525,2.018896805
-0.205,2.022415281
-0.20475,2.018896805
-0.2045,2.022415281
-0.20425,2.018896805
-0.204,2.018896805
-0.20375,2.018896805
-0.2035,2.018896805
-0.20325,2.018896805
-0.203,2.018896805
-0.20275,2.018896805
-0.2025,2.018896805
-0.20225,2.018896805
-0.202,2.018896805
-0.20175,2.018896805
-0.2015,2.018896805
-0.20125,2.018896805
-0.201,2.018896805
-0.20075,2.018896805
-0.2005,2.018896805
-0.20025,2.018896805
-0.2,2.018896805
-0.19975,2.018896805
-0.1995,2.018896805
-0.19925,2.018896805
-0.199,2.018896805
-0.19875,2.018896805
-0.1985,2.018896805
-0.19825,2.018896805
-0.198,2.018896805
-0.19775,2.018896805
-0.1975,2.018896805
-0.19725,2.018896805
-0.197,2.018896805
-0.19675,2.018896805
-0.1965,2.022415281
-0.19625,2.018896805
-0.196,2.018896805
-0.19575,2.018896805
-0.1955,2.018896805
-0.19525,2.018896805
-0.195,2.018896805
-0.19475,2.018896805
-0.1945,2.018896805
-0.19425,2.018896805
-0.194,2.018896805
-0.19375,2.018896805
-0.1935,2.018896805
-0.19325,2.018896805
-0.193,2.018896805
-0.19275,2.018896805
-0.1925,2.018896805
-0.19225,2.018896805
-0.192,2.018896805
-0.19175,2.018896805
-0.1915,2.018896805
-0.19125,2.018896805
-0.191,2.018896805
-0.19075,2.018896805
-0.1905,2.018896805
-0.19025,2.018896805
-0.19,2.018896805
-0.18975,2.018896805
-0.1895,2.022415281
-0.18925,2.018896805
-0.189,2.022415281
-0.18875,2.022415281
-0.1885,2.018896805
-0.18825,2.022415281
-0.188,2.022415281
-0.18775,2.018896805
-0.1875,2.018896805
-0.18725,2.018896805
-0.187,2.018896805
-0.18675,2.022415281
-0.1865,2.018896805
-0.18625,2.018896805
-0.186,2.018896805
-0.18575,2.022415281
-0.1855,2.018896805
-0.18525,2.022415281
-0.185,2.018896805
-0.18475,2.018896805
-0.1845,2.018896805
-0.18425,2.018896805
-0.184,2.018896805
-0.18375,2.018896805
-0.1835,2.018896805
-0.18325,2.018896805
-0.183,2.018896805
-0.18275,2.022415281
-0.1825,2.018896805
-0.18225,2.022415281
-0.182,2.022415281
-0.18175,2.018896805
-0.1815,2.018896805
-0.18125,2.018896805
-0.181,2.029452233
-0.18075,2.071673943
-0.1805,2.110377178
-0.18025,2.120932606
-0.18,2.120932606
-0.17975,2.120932606
-0.1795,2.120932606
-0.17925,2.120932606
-0.179,2.120932606
-0.17875,2.120932606
-0.1785,2.120932606
-0.17825,2.120932606
-0.178,2.120932606
-0.17775,2.124451082
-0.1775,2.120932606
-0.17725,2.124451082
-0.177,2.124451082
-0.17675,2.124451082
-0.1765,2.120932606
-0.17625,2.124451082
-0.176,2.120932606
-0.17575,2.124451082
-0.1755,2.124451082
-0.17525,2.120932606
-0.175,2.124451082
-0.17475,2.124451082
-0.1745,2.124451082
-0.17425,2.124451082
-0.174,2.124451082
-0.17375,2.124451082
-0.1735,2.124451082
-0.17325,2.124451082
-0.173,2.120932606
-0.17275,2.124451082
-0.1725,2.124451082
-0.17225,2.124451082
-0.172,2.124451082
-0.17175,2.124451082
-0.1715,2.124451082
-0.17125,2.120932606
-0.171,2.124451082
-0.17075,2.124451082
-0.1705,2.124451082
-0.17025,2.124451082
-0.17,2.120932606
-0.16975,2.124451082
-0.1695,2.120932606
-0.16925,2.120932606
-0.169,2.124451082
-0.16875,2.120932606
-0.1685,2.124451082
-0.16825,2.124451082
-0.168,2.120932606
-0.16775,2.120932606
-0.1675,2.124451082
-0.16725,2.124451082
-0.167,2.124451082
-0.16675,2.124451082
-0.1665,2.124451082
-0.16625,2.124451082
-0.166,2.124451082
-0.16575,2.124451082
-0.1655,2.124451082
-0.16525,2.120932606
-0.165,2.124451082
-0.16475,2.124451082
-0.1645,2.124451082
-0.16425,2.120932606
-0.164,2.124451082
-0.16375,2.120932606
-0.1635,2.120932606
-0.16325,2.124451082
-0.163,2.120932606
-0.16275,2.124451082
-0.1625,2.124451082
-0.16225,2.120932606
-0.162,2.124451082
-0.16175,2.124451082
-0.1615,2.120932606
-0.16125,2.120932606
-0.161,2.120932606
-0.16075,2.124451082
-0.1605,2.124451082
-0.16025,2.124451082
-0.16,2.120932606
-0.15975,2.124451082
-0.1595,2.120932606
-0.15925,2.120932606
-0.159,2.120932606
-0.15875,2.124451082
-0.1585,2.124451082
-0.15825,2.124451082
-0.158,2.120932606
-0.15775,2.120932606
-0.1575,2.120932606
-0.15725,2.120932606
-0.157,2.124451082
-0.15675,2.124451082
-0.1565,2.120932606
-0.15625,2.124451082
-0.156,2.124451082
-0.15575,2.124451082
-0.1555,2.124451082
-0.15525,2.124451082
-0.155,2.124451082
-0.15475,2.124451082
-0.1545,2.124451082
-0.15425,2.124451082
-0.154,2.124451082
-0.15375,2.124451082
-0.1535,2.124451082
-0.15325,2.124451082
-0.153,2.120932606
-0.15275,2.124451082
-0.1525,2.124451082
-0.15225,2.124451082
-0.152,2.124451082
-0.15175,2.120932606
-0.1515,2.124451082
-0.15125,2.124451082
-0.151,2.124451082
-0.15075,2.120932606
-0.1505,2.124451082
-0.15025,2.124451082
-0.15,2.124451082
-0.14975,2.124451082
-0.1495,2.120932606
-0.14925,2.120932606
-0.149,2.120932606
-0.14875,2.120932606
-0.1485,2.120932606
-0.14825,2.120932606
-0.148,2.124451082
-0.14775,2.142043462
-0.1475,2.180746696
-0.14725,2.215931456
-0.147,2.222968407
-0.14675,2.222968407
-0.1465,2.222968407
-0.14625,2.222968407
-0.146,2.219449931
-0.14575,2.222968407
-0.1455,2.222968407
-0.14525,2.222968407
-0.145,2.222968407
-0.14475,2.222968407
-0.1445,2.222968407
-0.14425,2.222968407
-0.144,2.219449931
-0.14375,2.222968407
-0.1435,2.222968407
-0.14325,2.219449931
-0.143,2.222968407
-0.14275,2.222968407
-0.1425,2.222968407
-0.14225,2.222968407
-0.142,2.222968407
-0.14175,2.222968407
-0.1415,2.222968407
-0.14125,2.222968407
-0.141,2.219449931
-0.14075,2.219449931
-0.1405,2.222968407
-0.14025,2.222968407
-0.14,2.222968407
-0.13975,2.219449931
-0.1395,2.222968407
-0.13925,2.222968407
-0.139,2.222968407
-0.13875,2.222968407
-0.1385,2.222968407
-0.13825,2.222968407
-0.138,2.219449931
-0.13775,2.222968407
-0.1375,2.222968407
-0.13725,2.222968407
-0.137,2.222968407
-0.13675,2.222968407
-0.1365,2.219449931
-0.13625,2.219449931
-0.136,2.222968407
-0.13575,2.222968407
-0.1355,2.219449931
-0.13525,2.222968407
-0.135,2.222968407
-0.13475,2.219449931
-0.1345,2.222968407
-0.13425,2.222968407
-0.134,2.222968407
-0.13375,2.222968407
-0.1335,2.219449931
-0.13325,2.222968407
-0.133,2.222968407
-0.13275,2.222968407
-0.1325,2.222968407
-0.13225,2.222968407
-0.132,2.219449931
-0.13175,2.222968407
-0.1315,2.222968407
-0.13125,2.219449931
-0.131,2.219449931
-0.13075,2.222968407
-0.1305,2.219449931
-0.13025,2.222968407
-0.13,2.222968407
-0.12975,2.222968407
-0.1295,2.222968407
-0.12925,2.222968407
-0.129,2.222968407
-0.12875,2.222968407
-0.1285,2.222968407
-0.12825,2.222968407
-0.128,2.219449931
-0.12775,2.219449931
-0.1275,2.222968407
-0.12725,2.222968407
-0.127,2.222968407
-0.12675,2.222968407
-0.1265,2.222968407
-0.12625,2.219449931
-0.126,2.219449931
-0.12575,2.222968407
-0.1255,2.222968407
-0.12525,2.222968407
-0.125,2.219449931
-0.12475,2.219449931
-0.1245,2.219449931
-0.12425,2.219449931
-0.124,2.219449931
-0.12375,2.219449931
-0.1235,2.222968407
-0.12325,2.222968407
-0.123,2.219449931
-0.12275,2.219449931
-0.1225,2.219449931
-0.12225,2.219449931
-0.122,2.219449931
-0.12175,2.222968407
-0.1215,2.222968407
-0.12125,2.222968407
-0.121,2.219449931
-0.12075,2.222968407
-0.1205,2.219449931
-0.12025,2.222968407
-0.12,2.222968407
-0.11975,2.219449931
-0.1195,2.222968407
-0.11925,2.222968407
-0.119,2.222968407
-0.11875,2.219449931
-0.1185,2.219449931
-0.11825,2.222968407
-0.118,2.222968407
-0.11775,2.222968407
-0.1175,2.222968407
-0.11725,2.219449931
-0.117,2.219449931
-0.11675,2.219449931
-0.1165,2.219449931
-0.11625,2.222968407
-0.116,2.222968407
-0.11575,2.222968407
-0.1155,2.222968407
-0.11525,2.222968407
-0.115,2.219449931
-0.11475,2.222968407
-0.1145,2.251116215
-0.11425,2.293337925
-0.114,2.321485733
-0.11375,2.325004209
-0.1135,2.325004209
-0.11325,2.325004209
-0.113,2.321485733
-0.11275,2.325004209
-0.1125,2.325004209
-0.11225,2.325004209
-0.112,2.321485733
-0.11175,2.325004209
-0.1115,2.321485733
-0.11125,2.325004209
-0.111,2.325004209
-0.11075,2.325004209
-0.1105,2.325004209
-0.11025,2.325004209
-0.11,2.321485733
-0.10975,2.325004209
-0.1095,2.325004209
-0.10925,2.325004209
-0.109,2.321485733
-0.10875,2.325004209
-0.1085,2.325004209
-0.10825,2.325004209
-0.108,2.321485733
-0.10775,2.321485733
-0.1075,2.325004209
-0.10725,2.325004209
-0.107,2.321485733
-0.10675,2.325004209
-0.1065,2.325004209
-0.10625,2.325004209
-0.106,2.325004209
-0.10575,2.325004209
-0.1055,2.325004209
-0.10525,2.325004209
-0.105,2.325004209
-0.10475,2.325004209
-0.1045,2.325004209
-0.10425,2.325004209
-0.104,2.325004209
-0.10375,2.325004209
-0.1035,2.321485733
-0.10325,2.325004209
-0.103,2.325004209
-0.10275,2.325004209
-0.1025,2.321485733
-0.10225,2.325004209
-0.102,2.325004209
-0.10175,2.325004209
-0.1015,2.321485733
-0.10125,2.325004209
-0.101,2.325004209
-0.10075,2.325004209
-0.1005,2.325004209
-0.10025,2.325004209
-0.1,2.321485733
-0.09975,2.325004209
-0.0995,2.325004209
-0.09925,2.325004209
-0.099,2.325004209
-0.09875,2.325004209
-0.0985,2.325004209
-0.09825,2.325004209
-0.098,2.325004209
-0.09775,2.325004209
-0.0975,2.325004209
-0.09725,2.325004209
-0.097,2.325004209
-0.09675,2.325004209
-0.0965,2.325004209
-0.09625,2.325004209
-0.096,2.325004209
-0.09575,2.325004209
-0.0955,2.325004209
-0.09525,2.325004209
-0.095,2.325004209
-0.09475,2.325004209
-0.0945,2.325004209
-0.09425,2.325004209
-0.094,2.325004209
-0.09375,2.325004209
-0.0935,2.325004209
-0.09325,2.321485733
-0.093,2.321485733
-0.09275,2.321485733
-0.0925,2.325004209
-0.09225,2.325004209
-0.092,2.325004209
-0.09175,2.325004209
-0.0915,2.325004209
-0.09125,2.325004209
-0.091,2.325004209
-0.09075,2.325004209
-0.0905,2.325004209
-0.09025,2.325004209
-0.09,2.325004209
-0.08975,2.325004209
-0.0895,2.321485733
-0.08925,2.321485733
-0.089,2.325004209
-0.08875,2.325004209
-0.0885,2.325004209
-0.08825,2.325004209
-0.088,2.325004209
-0.08775,2.325004209
-0.0875,2.325004209
-0.08725,2.321485733
-0.087,2.325004209
-0.08675,2.325004209
-0.0865,2.325004209
-0.08625,2.325004209
-0.086,2.325004209
-0.08575,2.325004209
-0.0855,2.325004209
-0.08525,2.325004209
-0.085,2.325004209
-0.08475,2.325004209
-0.0845,2.325004209
-0.08425,2.321485733
-0.084,2.325004209
-0.08375,2.325004209
-0.0835,2.321485733
-0.08325,2.325004209
-0.083,2.325004209
-0.08275,2.325004209
-0.0825,2.325004209
-0.08225,2.325004209
-0.082,2.325004209
-0.08175,2.325004209
-0.0815,2.328522684
-0.08125,2.363707444
-0.081,2.405929154
-0.08075,2.423521534
-0.0805,2.423521534
-0.08025,2.423521534
-0.08,2.423521534
-0.07975,2.423521534
-0.0795,2.423521534
-0.07925,2.423521534
-0.079,2.423521534
-0.07875,2.420003058
-0.0785,2.423521534
-0.07825,2.423521534
-0.078,2.423521534
-0.07775,2.423521534
-0.0775,2.423521534
-0.07725,2.423521534
-0.077,2.423521534
-0.07675,2.423521534
-0.0765,2.423521534
-0.07625,2.423521534
-0.076,2.423521534
-0.07575,2.423521534
-0.0755,2.423521534
-0.07525,2.423521534
-0.075,2.423521534
-0.07475,2.423521534
-0.0745,2.423521534
-0.07425,2.423521534
-0.074,2.423521534
-0.07375,2.423521534
-0.0735,2.423521534
-0.07325,2.423521534
-0.073,2.423521534
-0.07275,2.423521534
-0.0725,2.423521534
-0.07225,2.423521534
-0.072,2.423521534
-0.07175,2.423521534
-0.0715,2.423521534
-0.07125,2.423521534
-0.071,2.423521534
-0.07075,2.423521534
-0.0705,2.423521534
-0.07025,2.423521534
-0.07,2.423521534
-0.06975,2.423521534
-0.0695,2.423521534
-0.06925,2.423521534
-0.069,2.423521534
-0.06875,2.423521534
-0.0685,2.423521534
-0.06825,2.423521534
-0.068,2.423521534
-0.06775,2.423521534
-0.0675,2.423521534
-0.06725,2.423521534
-0.067,2.423521534
-0.06675,2.423521534
-0.0665,2.423521534
-0.06625,2.423521534
-0.066,2.423521534
-0.06575,2.423521534
-0.0655,2.423521534
-0.06525,2.423521534
-0.065,2.423521534
-0.06475,2.423521534
-0.0645,2.423521534
-0.06425,2.423521534
-0.064,2.423521534
-0.06375,2.423521534
-0.0635,2.423521534
-0.06325,2.423521534
-0.063,2.423521534
-0.06275,2.423521534
-0.0625,2.423521534
-0.06225,2.423521534
-0.062,2.423521534
-0.06175,2.423521534
-0.0615,2.423521534
-0.06125,2.423521534
-0.061,2.423521534
-0.06075,2.423521534
-0.0605,2.423521534
-0.06025,2.423521534
-0.06,2.423521534
-0.05975,2.423521534
-0.0595,2.423521534
-0.05925,2.423521534
-0.059,2.423521534
-0.05875,2.423521534
-0.0585,2.423521534
-0.05825,2.423521534
-0.058,2.423521534
-0.05775,2.423521534
-0.0575,2.423521534
-0.05725,2.423521534
-0.057,2.423521534
-0.05675,2.423521534
-0.0565,2.423521534
-0.05625,2.423521534
-0.056,2.423521534
-0.05575,2.423521534
-0.0555,2.423521534
-0.05525,2.423521534
-0.055,2.423521534
-0.05475,2.423521534
-0.0545,2.423521534
-0.05425,2.423521534
-0.054,2.423521534
-0.05375,2.420003058
-0.0535,2.423521534
-0.05325,2.423521534
-0.053,2.423521534
-0.05275,2.423521534
-0.0525,2.423521534
-0.05225,2.423521534
-0.052,2.423521534
-0.05175,2.423521534
-0.0515,2.423521534
-0.05125,2.423521534
-0.051,2.423521534
-0.05075,2.423521534
-0.0505,2.420003058
-0.05025,2.423521534
-0.05,2.423521534
-0.04975,2.423521534
-0.0495,2.423521534
-0.04925,2.423521534
-0.049,2.420003058
-0.04875,2.423521534
-0.0485,2.423521534
-0.04825,2.437595438
-0.048,2.476298672
-0.04775,2.515001907
-0.0475,2.525557335
-0.04725,2.525557335
-0.047,2.522038859
-0.04675,2.525557335
-0.0465,2.525557335
-0.04625,2.525557335
-0.046,2.525557335
-0.04575,2.525557335
-0.0455,2.525557335
-0.04525,2.525557335
-0.045,2.525557335
-0.04475,2.525557335
-0.0445,2.525557335
-0.04425,2.525557335
-0.044,2.525557335
-0.04375,2.525557335
-0.0435,2.525557335
-0.04325,2.525557335
-0.043,2.525557335
-0.04275,2.522038859
-0.0425,2.525557335
-0.04225,2.525557335
-0.042,2.525557335
-0.04175,2.525557335
-0.0415,2.522038859
-0.04125,2.525557335
-0.041,2.525557335
-0.04075,2.525557335
-0.0405,2.525557335
-0.04025,2.522038859
-0.04,2.522038859
-0.03975,2.525557335
-0.0395,2.522038859
-0.03925,2.522038859
-0.039,2.525557335
-0.03875,2.522038859
-0.0385,2.522038859
-0.03825,2.525557335
-0.038,2.525557335
-0.03775,2.522038859
-0.0375,2.525557335
-0.03725,2.525557335
-0.037,2.525557335
-0.03675,2.525557335
-0.0365,2.525557335
-0.03625,2.525557335
-0.036,2.525557335
-0.03575,2.525557335
-0.0355,2.522038859
-0.03525,2.522038859
-0.035,2.525557335
-0.03475,2.525557335
-0.0345,2.525557335
-0.03425,2.525557335
-0.034,2.525557335
-0.03375,2.525557335
-0.0335,2.525557335
-0.03325,2.525557335
-0.033,2.525557335
-0.03275,2.525557335
-0.0325,2.525557335
-0.03225,2.525557335
-0.032,2.525557335
-0.03175,2.525557335
-0.0315,2.525557335
-0.03125,2.525557335
-0.031,2.525557335
-0.03075,2.525557335
-0.0305,2.525557335
-0.03025,2.525557335
-0.03,2.525557335
-0.02975,2.525557335
-0.0295,2.525557335
-0.02925,2.525557335
-0.029,2.522038859
-0.02875,2.522038859
-0.0285,2.525557335
-0.02825,2.525557335
-0.028,2.522038859
-0.02775,2.522038859
-0.0275,2.522038859
-0.02725,2.525557335
-0.027,2.525557335
-0.02675,2.525557335
-0.0265,2.525557335
-0.02625,2.525557335
-0.026,2.522038859
-0.02575,2.522038859
-0.0255,2.525557335
-0.02525,2.525557335
-0.025,2.525557335
-0.02475,2.522038859
-0.0245,2.525557335
-0.02425,2.525557335
-0.024,2.522038859
-0.02375,2.522038859
-0.0235,2.525557335
-0.02325,2.522038859
-0.023,2.525557335
-0.02275,2.525557335
-0.0225,2.525557335
-0.02225,2.525557335
-0.022,2.525557335
-0.02175,2.525557335
-0.0215,2.525557335
-0.02125,2.522038859
-0.021,2.525557335
-0.02075,2.525557335
-0.0205,2.525557335
-0.02025,2.525557335
-0.02,2.525557335
-0.01975,2.525557335
-0.0195,2.525557335
-0.01925,2.525557335
-0.019,2.525557335
-0.01875,2.525557335
-0.0185,2.525557335
-0.01825,2.522038859
-0.018,2.522038859
-0.01775,2.525557335
-0.0175,2.525557335
-0.01725,2.525557335
-0.017,2.522038859
-0.01675,2.522038859
-0.0165,2.525557335
-0.01625,2.525557335
-0.016,2.522038859
-0.01575,2.525557335
-0.0155,2.522038859
-0.01525,2.525557335
-0.015,2.546668191
-0.01475,2.588889901
-0.0145,2.620556185
-0.01425,2.62407466
-0.014,2.62407466
-0.01375,2.62407466
-0.0135,2.62407466
-0.01325,2.62407466
-0.013,2.62407466
-0.01275,2.62407466
-0.0125,2.62407466
-0.01225,2.62407466
-0.012,2.62407466
-0.01175,2.62407466
-0.0115,2.62407466
-0.01125,2.62407466
-0.011,2.62407466
-0.01075,2.62407466
-0.0105,2.62407466
-0.01025,2.62407466
-0.01,2.62407466
-0.00975,2.62407466
-0.0095,2.62407466
-0.00925,2.62407466
-0.009,2.62407466
-0.00875,2.62407466
-0.0085,2.62407466
-0.00825,2.62407466
-0.008,2.62407466
-0.00775,2.62407466
-0.0075,2.62407466
-0.00725,2.62407466
-0.007,2.62407466
-0.00675,2.62407466
-0.0065,2.62407466
-0.00625,2.62407466
-0.006,2.62407466
-0.00575,2.62407466
-0.0055,2.62407466
-0.00525,2.62407466
-0.005,2.62407466
-0.00475,2.62407466
-0.0045,2.62407466
-0.00425,2.62407466
-0.004,2.62407466
-0.00375,2.62407466
-0.0035,2.62407466
-0.00325,2.62407466
-0.003,2.62407466
-0.00275,2.62407466
-0.0025,2.62407466
-0.00225,2.62407466
-0.002,2.620556185
-0.00175,2.62407466
-0.0015,2.62407466
-0.00125,2.62407466
-0.001,2.62407466
-0.00075,2.62407466
-0.0005,2.62407466
-0.00025,2.62407466
0,2.62407466
0.00025,2.62407466
0.0005,2.62407466
0.00075,2.62407466
0.001,2.62407466
0.00125,2.620556185
0.0015,2.62407466
0.00175,2.62407466
0.002,2.62407466
0.00225,2.62407466
0.0025,2.62407466
0.00275,2.62407466
0.003,2.62407466
0.00325,2.62407466
0.0035,2.62407466
0.00375,2.62407466
0.004,2.62407466
0.00425,2.62407466
0.0045,2.62407466
0.00475,2.62407466
0.005,2.62407466
0.00525,2.62407466
0.0055,2.62407466
0.00575,2.62407466
0.006,2.62407466
0.00625,2.62407466
0.0065,2.62407466
0.00675,2.62407466
0.007,2.62407466
0.00725,2.62407466
0.0075,2.62407466
0.00775,2.62407466
0.008,2.62407466
0.00825,2.62407466
0.0085,2.62407466
0.00875,2.62407466
0.009,2.62407466
0.00925,2.62407466
0.0095,2.62407466
0.00975,2.62407466
0.01,2.62407466
0.01025,2.62407466
0.0105,2.62407466
0.01075,2.62407466
0.011,2.62407466
0.01125,2.62407466
0.0115,2.62407466
0.01175,2.62407466
0.012,2.62407466
0.01225,2.62407466
0.0125,2.62407466
0.01275,2.62407466
0.013,2.62407466
0.01325,2.62407466
0.0135,2.62407466
0.01375,2.62407466
0.014,2.62407466
0.01425,2.62407466
0.0145,2.62407466
0.01475,2.62407466
0.015,2.62407466
0.01525,2.62407466
0.0155,2.62407466
0.01575,2.62407466
0.016,2.62407466
0.01625,2.62407466
0.0165,2.62407466
0.01675,2.62407466
0.017,2.62407466
0.01725,2.62407466
0.0175,2.62407466
0.01775,2.62407466
0.018,2.627593136
0.01825,2.655740944
0.0185,2.70148113
0.01875,2.722591986
0.019,2.722591986
0.01925,2.722591986
0.0195,2.722591986
0.01975,2.722591986
0.02,2.722591986
0.02025,2.726110462
0.0205,2.726110462
0.02075,2.726110462
0.021,2.722591986
0.02125,2.726110462
0.0215,2.726110462
0.02175,2.722591986
0.022,2.726110462
0.02225,2.722591986
0.0225,2.726110462
0.02275,2.726110462
0.023,2.726110462
0.02325,2.726110462
0.0235,2.726110462
0.02375,2.726110462
0.024,2.726110462
0.02425,2.726110462
0.0245,2.726110462
0.02475,2.726110462
0.025,2.726110462
0.02525,2.726110462
0.0255,2.726110462
0.02575,2.722591986
0.026,2.726110462
0.02625,2.726110462
0.0265,2.722591986
0.02675,2.726110462
0.027,2.726110462
0.02725,2.726110462
0.0275,2.722591986
0.02775,2.726110462
0.028,2.726110462
0.02825,2.726110462
0.0285,2.726110462
0.02875,2.722591986
0.029,2.726110462
0.02925,2.726110462
0.0295,2.722591986
0.02975,2.726110462
0.03,2.726110462
0.03025,2.726110462
0.0305,2.726110462
0.03075,2.726110462
0.031,2.726110462
0.03125,2.726110462
0.0315,2.726110462
0.03175,2.726110462
0.032,2.726110462
0.03225,2.726110462
0.0325,2.726110462
0.03275,2.726110462
0.033,2.726110462
0.03325,2.726110462
0.0335,2.726110462
0.03375,2.722591986
0.034,2.726110462
0.03425,2.726110462
0.0345,2.722591986
0.03475,2.726110462
0.035,2.726110462
0.03525,2.722591986
0.0355,2.726110462
0.03575,2.722591986
0.036,2.722591986
0.03625,2.726110462
0.0365,2.726110462
0.03675,2.726110462
0.037,2.722591986
0.03725,2.726110462
0.0375,2.726110462
0.03775,2.726110462
0.038,2.726110462
0.03825,2.726110462
0.0385,2.726110462
0.03875,2.726110462
0.039,2.722591986
0.03925,2.722591986
0.0395,2.722591986
0.03975,2.722591986
0.04,2.726110462
0.04025,2.726110462
0.0405,2.726110462
0.04075,2.726110462
0.041,2.726110462
0.04125,2.726110462
0.0415,2.726110462
0.04175,2.726110462
0.042,2.726110462
0.04225,2.726110462
0.0425,2.722591986
0.04275,2.726110462
0.043,2.726110462
0.04325,2.726110462
0.0435,2.722591986
0.04375,2.722591986
0.044,2.726110462
0.04425,2.726110462
0.0445,2.726110462
0.04475,2.726110462
0.045,2.726110462
0.04525,2.726110462
0.0455,2.722591986
0.04575,2.726110462
0.046,2.726110462
0.04625,2.726110462
0.0465,2.722591986
0.04675,2.726110462
0.047,2.726110462
0.04725,2.726110462
0.0475,2.722591986
0.04775,2.722591986
0.048,2.722591986
0.04825,2.726110462
0.0485,2.722591986
0.04875,2.726110462
0.049,2.726110462
0.04925,2.726110462
0.0495,2.726110462
0.04975,2.722591986
0.05,2.722591986
0.05025,2.722591986
0.0505,2.722591986
0.05075,2.722591986
0.051,2.726110462
0.05125,2.733147413
0.0515,2.771850648
0.05175,2.810553883
0.052,2.821109311
0.05225,2.824627787
0.0525,2.824627787
0.05275,2.824627787
0.053,2.824627787
0.05325,2.824627787
0.0535,2.824627787
0.05375,2.824627787
0.054,2.824627787
0.05425,2.824627787
0.0545,2.824627787
0.05475,2.824627787
0.055,2.824627787
0.05525,2.821109311
0.0555,2.824627787
0.05575,2.824627787
0.056,2.824627787
0.05625,2.821109311
0.0565,2.821109311
0.05675,2.824627787
0.057,2.824627787
0.05725,2.824627787
0.0575,2.824627787
0.05775,2.824627787
0.058,2.824627787
0.05825,2.824627787
0.0585,2.824627787
0.05875,2.824627787
0.059,2.824627787
0.05925,2.824627787
0.0595,2.824627787
0.05975,2.824627787
0.06,2.824627787
0.06025,2.821109311
0.0605,2.821109311
0.06075,2.824627787
0.061,2.821109311
0.06125,2.821109311
0.0615,2.821109311
0.06175,2.824627787
0.062,2.824627787
0.06225,2.824627787
0.0625,2.821109311
0.06275,2.824627787
0.063,2.824627787
0.06325,2.821109311
0.0635,2.824627787
0.06375,2.824627787
0.064,2.824627787
0.06425,2.824627787
0.0645,2.824627787
0.06475,2.824627787
0.065,2.824627787
0.06525,2.821109311
0.0655,2.824627787
0.06575,2.824627787
0.066,2.824627787
0.06625,2.824627787
0.0665,2.824627787
0.06675,2.824627787
0.067,2.824627787
0.06725,2.824627787
0.0675,2.824627787
0.06775,2.824627787
0.068,2.824627787
0.06825,2.824627787
0.0685,2.824627787
0.06875,2.824627787
0.069,2.824627787
0.06925,2.824627787
0.0695,2.824627787
0.06975,2.824627787
0.07,2.824627787
0.07025,2.824627787
0.0705,2.824627787
0.07075,2.824627787
0.071,2.824627787
0.07125,2.824627787
0.0715,2.824627787
0.07175,2.821109311
0.072,2.824627787
0.07225,2.824627787
0.0725,2.824627787
0.07275,2.824627787
0.073,2.824627787
0.07325,2.824627787
0.0735,2.824627787
0.07375,2.824627787
0.074,2.824627787
0.07425,2.824627787
0.0745,2.824627787
0.07475,2.824627787
0.075,2.824627787
0.07525,2.824627787
0.0755,2.824627787
0.07575,2.824627787
0.076,2.824627787
0.07625,2.824627787
0.0765,2.824627787
0.07675,2.824627787
0.077,2.824627787
0.07725,2.824627787
0.0775,2.824627787
0.07775,2.824627787
0.078,2.824627787
0.07825,2.824627787
0.0785,2.824627787
0.07875,2.824627787
0.079,2.824627787
0.07925,2.824627787
0.0795,2.824627787
0.07975,2.824627787
0.08,2.824627787
0.08025,2.824627787
0.0805,2.824627787
0.08075,2.824627787
0.081,2.824627787
0.08125,2.824627787
0.0815,2.824627787
0.08175,2.824627787
0.082,2.824627787
0.08225,2.824627787
0.0825,2.824627787
0.08275,2.824627787
0.083,2.824627787
0.08325,2.824627787
0.0835,2.824627787
0.08375,2.824627787
0.084,2.824627787
0.08425,2.824627787
0.0845,2.842220167
0.08475,2.884441877
0.085,2.919626636
0.08525,2.923145112
0.0855,2.926663588
0.08575,2.926663588
0.086,2.926663588
0.08625,2.926663588
0.0865,2.926663588
0.08675,2.926663588
0.087,2.926663588
0.08725,2.926663588
0.0875,2.926663588
0.08775,2.926663588
0.088,2.923145112
0.08825,2.923145112
0.0885,2.923145112
0.08875,2.923145112
0.089,2.923145112
0.08925,2.923145112
0.0895,2.923145112
0.08975,2.926663588
0.09,2.926663588
0.09025,2.923145112
0.0905,2.923145112
0.09075,2.923145112
0.091,2.926663588
0.09125,2.926663588
0.0915,2.926663588
0.09175,2.926663588
0.092,2.923145112
0.09225,2.923145112
0.0925,2.923145112
0.09275,2.923145112
0.093,2.926663588
0.09325,2.926663588
0.0935,2.926663588
0.09375,2.923145112
0.094,2.923145112
0.09425,2.923145112
0.0945,2.923145112
0.09475,2.923145112
0.095,2.923145112
0.09525,2.923145112
0.0955,2.923145112
0.09575,2.923145112
0.096,2.923145112
0.09625,2.926663588
0.0965,2.923145112
0.09675,2.923145112
0.097,2.923145112
0.09725,2.926663588
0.0975,2.923145112
0.09775,2.923145112
0.098,2.923145112
0.09825,2.923145112
0.0985,2.923145112
0.09875,2.926663588
0.099,2.923145112
0.09925,2.923145112
0.0995,2.923145112
0.09975,2.923145112
0.1,2.923145112
0.10025,2.926663588
0.1005,2.923145112
0.10075,2.923145112
0.101,2.923145112
0.10125,2.923145112
0.1015,2.923145112
0.10175,2.923145112
0.102,2.923145112
0.10225,2.923145112
0.1025,2.923145112
0.10275,2.923145112
0.103,2.923145112
0.10325,2.923145112
0.1035,2.923145112
0.10375,2.923145112
0.104,2.923145112
0.10425,2.923145112
0.1045,2.923145112
0.10475,2.926663588
0.105,2.923145112
0.10525,2.923145112
0.1055,2.923145112
0.10575,2.923145112
0.106,2.923145112
0.10625,2.923145112
0.1065,2.923145112
0.10675,2.923145112
0.107,2.923145112
0.10725,2.926663588
0.1075,2.926663588
0.10775,2.923145112
0.108,2.923145112
0.10825,2.926663588
0.1085,2.926663588
0.10875,2.923145112
0.109,2.926663588
0.10925,2.923145112
0.1095,2.923145112
0.10975,2.923145112
0.11,2.923145112
0.11025,2.923145112
0.1105,2.923145112
0.11075,2.923145112
0.111,2.923145112
0.11125,2.923145112
0.1115,2.923145112
0.11175,2.926663588
0.112,2.923145112
0.11225,2.926663588
0.1125,2.923145112
0.11275,2.923145112
0.113,2.923145112
0.11325,2.926663588
0.1135,2.926663588
0.11375,2.923145112
0.114,2.926663588
0.11425,2.926663588
0.1145,2.926663588
0.11475,2.923145112
0.115,2.923145112
0.11525,2.923145112
0.1155,2.926663588
0.11575,2.926663588
0.116,2.923145112
0.11625,2.923145112
0.1165,2.923145112
0.11675,2.923145112
0.117,2.923145112
0.11725,2.923145112
0.1175,2.926663588
0.11775,2.954811395
0.118,2.997033106
0.11825,3.025180914
0.1185,3.025180914
0.11875,3.025180914
0.119,3.025180914
0.11925,3.025180914
0.1195,3.025180914
0.11975,3.025180914
0.12,3.025180914
0.12025,3.025180914
0.1205,3.025180914
0.12075,3.025180914
0.121,3.025180914
0.12125,3.025180914
0.1215,3.025180914
0.12175,3.025180914
0.122,3.025180914
0.12225,3.025180914
0.1225,3.025180914
0.12275,3.025180914
0.123,3.025180914
0.12325,3.025180914
0.1235,3.025180914
0.12375,3.025180914
0.124,3.025180914
0.12425,3.025180914
0.1245,3.025180914
0.12475,3.025180914
0.125,3.025180914
0.12525,3.025180914
0.1255,3.025180914
0.12575,3.025180914
0.126,3.025180914
0.12625,3.025180914
0.1265,3.025180914
0.12675,3.025180914
0.127,3.025180914
0.12725,3.025180914
0.1275,3.025180914
0.12775,3.025180914
0.128,3.025180914
0.12825,3.025180914
0.1285,3.025180914
0.12875,3.025180914
0.129,3.025180914
0.12925,3.025180914
0.1295,3.025180914
0.12975,3.025180914
0.13,3.025180914
0.13025,3.025180914
0.1305,3.025180914
0.13075,3.025180914
0.131,3.025180914
0.13125,3.025180914
0.1315,3.025180914
0.13175,3.025180914
0.132,3.025180914
0.13225,3.025180914
0.1325,3.025180914
0.13275,3.025180914
0.133,3.025180914
0.13325,3.025180914
0.1335,3.025180914
0.13375,3.025180914
0.134,3.025180914
0.13425,3.025180914
0.1345,3.025180914
0.13475,3.025180914
0.135,3.025180914
0.13525,3.025180914
0.1355,3.025180914
0.13575,3.025180914
0.136,3.025180914
0.13625,3.025180914
0.1365,3.025180914
0.13675,3.025180914
0.137,3.025180914
0.13725,3.025180914
0.1375,3.025180914
0.13775,3.025180914
0.138,3.025180914
0.13825,3.025180914
0.1385,3.025180914
0.13875,3.025180914
0.139,3.025180914
0.13925,3.025180914
0.1395,3.025180914
0.13975,3.025180914
0.14,3.025180914
0.14025,3.025180914
0.1405,3.025180914
0.14075,3.025180914
0.141,3.025180914
0.14125,3.025180914
0.1415,3.025180914
0.14175,3.025180914
0.142,3.025180914
0.14225,3.025180914
0.1425,3.025180914
0.14275,3.025180914
0.143,3.025180914
0.14325,3.025180914
0.1435,3.025180914
0.14375,3.025180914
0.144,3.025180914
0.14425,3.025180914
0.1445,3.025180914
0.14475,3.025180914
0.145,3.025180914
0.14525,3.025180914
0.1455,3.025180914
0.14575,3.025180914
0.146,3.025180914
0.14625,3.025180914
0.1465,3.025180914
0.14675,3.025180914
0.147,3.025180914
0.14725,3.025180914
0.1475,3.025180914
0.14775,3.025180914
0.148,3.025180914
0.14825,3.025180914
0.1485,3.025180914
0.14875,3.025180914
0.149,3.025180914
0.14925,3.025180914
0.1495,3.025180914
0.14975,3.025180914
0.15,3.025180914
0.15025,3.025180914
0.1505,3.025180914
0.15075,3.025180914
0.151,3.025180914
0.15125,3.025180914
0.1515,3.021662438
0.15175,3.018143962
0.152,3.014625486
0.15225,3.007588534
0.1525,3.004070058
0.15275,2.997033106
0.153,2.989996155
0.15325,2.982959203
0.1535,2.972403775
0.15375,2.965366823
0.154,2.954811395
0.15425,2.944255968
0.1545,2.930182064
0.15475,2.919626636
0.155,2.905552733
0.15525,2.887960353
0.1555,2.87388645
0.15575,2.859812546
0.156,2.845738642
0.15625,2.828146263
0.1565,2.810553883
0.15675,2.792961504
0.157,2.775369124
0.15725,2.754258269
0.1575,2.733147413
0.15775,2.712036558
0.158,2.690925703
0.15825,2.669814847
0.1585,2.645185516
0.15875,2.62407466
0.159,2.599445329
0.15925,2.574815998
0.1595,2.550186666
0.15975,2.525557335
0.16,2.500928004
0.16025,2.472780197
0.1605,2.444632389
0.16075,2.416484582
0.161,2.388336775
0.16125,2.360188968
0.1615,2.33204116
0.16175,2.300374877
0.162,2.27222707
0.16225,2.240560787
0.1625,2.208894504
0.16275,2.180746696
0.163,2.149080413
0.16325,2.11741413
0.1635,2.085747847
0.16375,2.050563088
0.164,2.018896805
0.16425,1.987230522
0.1645,1.952045763
0.16475,1.916861004
0.165,1.88519472
0.16525,1.853528437
0.1655,1.818343678
0.16575,1.783158919
0.166,1.751492636
0.16625,1.716307877
0.1665,1.681123118
0.16675,1.649456835
0.167,1.614272076
0.16725,1.579087317
0.1675,1.540384082
0.16775,1.508717799
0.168,1.47353304
0.16825,1.438348281
0.1685,1.403163522
0.16875,1.367978763
0.169,1.332794003
0.16925,1.30112772
0.1695,1.265942961
0.16975,1.234276678
0.17,1.199091919
0.17025,1.16390716
0.1705,1.132240877
0.17075,1.097056118
0.171,1.061871359
0.17125,1.030205076
0.1715,0.998538793
0.17175,0.966872509
0.172,0.935206226
0.17225,0.903539943
0.1725,0.868355184
0.17275,0.840207377
0.173,0.808541094
0.17325,0.780393286
0.1735,0.748727003
0.17375,0.720579196
0.174,0.688912913
0.17425,0.660765106
0.1745,0.632617298
0.17475,0.604469491
0.175,0.576321684
0.17525,0.551692353
0.1755,0.527063021
0.17575,0.498915214
0.176,0.474285883
0.17625,0.449656551
0.1765,0.42502722
0.17675,0.400397889
0.177,0.379287033
0.17725,0.354657702
0.1775,0.333546847
0.17775,0.312435991
0.178,0.294843612
0.17825,0.273732756
0.1785,0.252621901
0.17875,0.235029521
0.179,0.217437142
0.17925,0.199844762
0.1795,0.182252383
0.17975,0.168178479
0.18,0.154104575
0.18025,0.136512196
0.1805,0.122438292
0.18075,0.111882865
0.181,0.101327437
0.18125,0.090772009
0.1815,0.080216581
0.18175,0.069661154
0.182,0.062624202
0.18225,0.052068774
0.1825,0.045031822
0.18275,0.037994871
0.183,0.030957919
0.18325,0.027439443
0.1835,0.023920967
0.18375,0.020402491
0.184,0.016884015
0.18425,0.016884015
0.1845,0.013365539
0.18475,0.013365539
0.185,0.013365539
0.18525,0.013365539
0.1855,0.013365539
0.18575,0.013365539
0.186,0.013365539
0.18625,0.013365539
0.1865,0.013365539
0.18675,0.013365539
0.187,0.013365539
0.18725,0.013365539
0.1875,0.013365539
0.18775,0.013365539
0.188,0.013365539
0.18825,0.013365539
0.1885,0.013365539
0.18875,0.013365539
0.189,0.013365539
0.18925,0.013365539
0.1895,0.013365539
0.18975,0.013365539
0.19,0.013365539
0.19025,0.013365539
0.1905,0.013365539
0.19075,0.013365539
0.191,0.013365539
0.19125,0.013365539
0.1915,0.013365539
0.19175,0.013365539
0.192,0.013365539
0.19225,0.013365539
0.1925,0.013365539
0.19275,0.013365539
0.193,0.013365539
0.19325,0.013365539
0.1935,0.013365539
0.19375,0.013365539
0.194,0.013365539
0.19425,0.013365539
0.1945,0.013365539
0.19475,0.013365539
0.195,0.013365539
0.19525,0.013365539
0.1955,0.013365539
0.19575,0.013365539
0.196,0.013365539
0.19625,0.013365539
0.1965,0.013365539
0.19675,0.013365539
0.197,0.013365539
0.19725,0.013365539
0.1975,0.013365539
0.19775,0.013365539
0.198,0.013365539
0.19825,0.013365539
