<?xml version="1.0"?>
<JoystickParameters>
<!-- In Mappings -->

	<!-- (Z axis) knob 4 stage map to slot 3 -->
	<InMapParameters command="0x4014" data_length="23">
		<Parameter name="control_number" type="Byte" length="1" offset="7" value="3" />
		<Parameter name="vid" type="UInt16" length="2" offset="8" value="0" />
		<Parameter name="pid" type="UInt16" length="2" offset="10" value="0" />
		<Parameter name="modify_control_port" type="Byte" length="1" offset="12" value="0" />
		<Parameter name="modify_control_ctl_num" type="UInt16" length="2" offset="13" value="0" />
		<Parameter name="destination_slot" type="Byte" length="1" offset="15" value="4" />
		<Parameter name="destination_bit" type="Byte" length="1" offset="16" value="0" />
		<Parameter name="destination_port" type="Byte" length="1" offset="17" value="0" />
		<Parameter name="destination_virtual" type="Byte" length="1" offset="18" value="0" />
		<Parameter name="modify_speed" type="Byte" length="1" offset="19" value="240" />
		<Parameter name="revserse_dir" type="Byte" length="1" offset="20" value="1" />
		<Parameter name="dead_band" type="Byte" length="1" offset="21" value="0" />
		<Parameter name="mode" type="Byte" length="1" offset="22" value="0" />
	</InMapParameters>
	
	<!-- (R axis) knob 1 stage map to slot 4 -->
	<InMapParameters command="0x4014" data_length="23">
		<Parameter name="control_number" type="Byte" length="1" offset="7" value="0" />
		<Parameter name="vid" type="UInt16" length="2" offset="8" value="0" />
		<Parameter name="pid" type="UInt16" length="2" offset="10" value="0" />
		<Parameter name="modify_control_port" type="Byte" length="1" offset="12" value="0" />
		<Parameter name="modify_control_ctl_num" type="UInt16" length="2" offset="13" value="0" />
		<Parameter name="destination_slot" type="Byte" length="1" offset="15" value="8" />
		<Parameter name="destination_bit" type="Byte" length="1" offset="16" value="0" />
		<Parameter name="destination_port" type="Byte" length="1" offset="17" value="0" />
		<Parameter name="destination_virtual" type="Byte" length="1" offset="18" value="0" />
		<Parameter name="modify_speed" type="Byte" length="1" offset="19" value="240" />
		<Parameter name="revserse_dir" type="Byte" length="1" offset="20" value="0" />
		<Parameter name="dead_band" type="Byte" length="1" offset="21" value="0" />
		<Parameter name="mode" type="Byte" length="1" offset="22" value="0" />
	</InMapParameters>
	
	<!-- Button 1 toggle disable map to slot 4 -->
	<InMapParameters command="0x4014" data_length="23">
		<Parameter name="control_number" type="Byte" length="1" offset="7" value="4" />
		<Parameter name="vid" type="UInt16" length="2" offset="8" value="0" />
		<Parameter name="pid" type="UInt16" length="2" offset="10" value="0" />
		<Parameter name="modify_control_port" type="Byte" length="1" offset="12" value="0" />
		<Parameter name="modify_control_ctl_num" type="UInt16" length="2" offset="13" value="0" />
		<Parameter name="destination_slot" type="Byte" length="1" offset="15" value="8" />
		<Parameter name="destination_bit" type="Byte" length="1" offset="16" value="0" />
		<Parameter name="destination_port" type="Byte" length="1" offset="17" value="0" />
		<Parameter name="destination_virtual" type="Byte" length="1" offset="18" value="0" />
		<Parameter name="modify_speed" type="Byte" length="1" offset="19" value="240" />
		<Parameter name="revserse_dir" type="Byte" length="1" offset="20" value="0" />
		<Parameter name="dead_band" type="Byte" length="1" offset="21" value="0" />
		<Parameter name="mode" type="Byte" length="1" offset="22" value="5" />
	</InMapParameters>

	

	<!-- Button 3 toggle disable map to slot 3 -->
	<InMapParameters command="0x4014" data_length="23">
		<Parameter name="control_number" type="Byte" length="1" offset="7" value="7" />
		<Parameter name="vid" type="UInt16" length="2" offset="8" value="0" />
		<Parameter name="pid" type="UInt16" length="2" offset="10" value="0" />
		<Parameter name="modify_control_port" type="Byte" length="1" offset="12" value="0" />
		<Parameter name="modify_control_ctl_num" type="UInt16" length="2" offset="13" value="0" />
		<Parameter name="destination_slot" type="Byte" length="1" offset="15" value="4" />
		<Parameter name="destination_bit" type="Byte" length="1" offset="16" value="0" />
		<Parameter name="destination_port" type="Byte" length="1" offset="17" value="0" />
		<Parameter name="destination_virtual" type="Byte" length="1" offset="18" value="0" />
		<Parameter name="modify_speed" type="Byte" length="1" offset="19" value="240" />
		<Parameter name="revserse_dir" type="Byte" length="1" offset="20" value="0" />
		<Parameter name="dead_band" type="Byte" length="1" offset="21" value="0" />
		<Parameter name="mode" type="Byte" length="1" offset="22" value="5" />
	</InMapParameters>

		<!-- Button 5 (bottom small button) toggle speed XYZ -->
	<InMapParameters command="0x4014" data_length="23">
		<Parameter name="control_number" type="Byte" length="1" offset="7" value="8" /> <!-- This is the control button trigger--> 
		<Parameter name="vid" type="UInt16" length="2" offset="8" value="0" />
		<Parameter name="pid" type="UInt16" length="2" offset="10" value="0" />
		<Parameter name="modify_control_port" type="Byte" length="1" offset="12" value="1" /> <!-- This is the port the joystick is connected to-->
		<Parameter name="modify_control_ctl_num" type="UInt16" length="2" offset="13" value="9" /> <!--These are the controls you want to change the speed on -->
		<Parameter name="destination_slot" type="Byte" length="1" offset="15" value="0" /> <!-- Not used -->
		<Parameter name="destination_bit" type="Byte" length="1" offset="16" value="0" /> <!-- Not used -->
		<Parameter name="destination_port" type="Byte" length="1" offset="17" value="0" /> <!-- Not used -->
		<Parameter name="destination_virtual" type="Byte" length="1" offset="18" value="0" /> <!-- Not used -->
		<Parameter name="modify_speed" type="Byte" length="1" offset="19" value="96" /> <!-- This is the speed seting high nibble for max speed, lower for min speed -->
		<Parameter name="revserse_dir" type="Byte" length="1" offset="20" value="0" /> <!-- Not used -->
		<Parameter name="dead_band" type="Byte" length="1" offset="21" value="0" /> <!-- Not used -->
		<Parameter name="mode" type="Byte" length="1" offset="22" value="22" /> 
	</InMapParameters>	

		<!-- Button 6 (top small button) toggle disable all map to slots 1,2,3,4,5 -->
	<InMapParameters command="0x4014" data_length="23">
		<Parameter name="control_number" type="Byte" length="1" offset="7" value="9" />
		<Parameter name="vid" type="UInt16" length="2" offset="8" value="0" />
		<Parameter name="pid" type="UInt16" length="2" offset="10" value="0" />
		<Parameter name="modify_control_port" type="Byte" length="1" offset="12" value="0" />
		<Parameter name="modify_control_ctl_num" type="UInt16" length="2" offset="13" value="0" />
		<Parameter name="destination_slot" type="Byte" length="1" offset="15" value="12" />
		<Parameter name="destination_bit" type="Byte" length="1" offset="16" value="0" />
		<Parameter name="destination_port" type="Byte" length="1" offset="17" value="0" />
		<Parameter name="destination_virtual" type="Byte" length="1" offset="18" value="0" />
		<Parameter name="modify_speed" type="Byte" length="1" offset="19" value="240" />
		<Parameter name="revserse_dir" type="Byte" length="1" offset="20" value="0" />
		<Parameter name="dead_band" type="Byte" length="1" offset="21" value="0" />
		<Parameter name="mode" type="Byte" length="1" offset="22" value="6" />
	</InMapParameters>
	
<!-- Out mappings -->
	<!-- Button 1 toggle disable map to slot 4 -->
	<OutMapParameters command="0x4017" data_length="21">
		<Parameter name="control_number" type="Byte" length="1" offset="7" value="0" />
		<Parameter name="HID_USAGE_PAGE_LED" type="Byte" length="1" offset="8" value="8" />
		<Parameter name="vid" type="UInt16" length="2" offset="9" value="0" />
		<Parameter name="pid" type="UInt16" length="2" offset="11" value="0" />
		<Parameter name="mode" type="Byte" length="1" offset="13" value="0" />
		<Parameter name="color_1_id" type="Byte" length="1" offset="14" value="2" />
		<Parameter name="color_2_id" type="Byte" length="1" offset="15" value="3" />
		<Parameter name="color_3_id" type="Byte" length="1" offset="16" value="4" />
		<Parameter name="source_slot" type="Byte" length="1" offset="17" value="8" />
		<Parameter name="source_bit" type="Byte" length="1" offset="18" value="0" />
		<Parameter name="source_port" type="Byte" length="1" offset="19" value="0" />
		<Parameter name="source_virtual" type="Byte" length="1" offset="20" value="0" />
	</OutMapParameters>

	<!-- Button 4 toggle disable map to slot 3 -->
	<OutMapParameters command="0x4017" data_length="21">
		<Parameter name="control_number" type="Byte" length="1" offset="7" value="3" />
		<Parameter name="HID_USAGE_PAGE_LED" type="Byte" length="1" offset="8" value="8" />
		<Parameter name="vid" type="UInt16" length="2" offset="9" value="0" />
		<Parameter name="pid" type="UInt16" length="2" offset="11" value="0" />
		<Parameter name="mode" type="Byte" length="1" offset="13" value="0" />
		<Parameter name="color_1_id" type="Byte" length="1" offset="14" value="2" />
		<Parameter name="color_2_id" type="Byte" length="1" offset="15" value="3" />
		<Parameter name="color_3_id" type="Byte" length="1" offset="16" value="4" />
		<Parameter name="source_slot" type="Byte" length="1" offset="17" value="4" />
		<Parameter name="source_bit" type="Byte" length="1" offset="18" value="0" />
		<Parameter name="source_port" type="Byte" length="1" offset="19" value="0" />
		<Parameter name="source_virtual" type="Byte" length="1" offset="20" value="0" />
	</OutMapParameters>

	<!-- Button 5 (bottom small button) toggle speed -->
	<OutMapParameters command="0x4017" data_length="21">
		<Parameter name="control_number" type="Byte" length="1" offset="7" value="4" />
		<Parameter name="HID_USAGE_PAGE_LED" type="Byte" length="1" offset="8" value="8" />
		<Parameter name="vid" type="UInt16" length="2" offset="9" value="0" />
		<Parameter name="pid" type="UInt16" length="2" offset="11" value="0" />
		<Parameter name="mode" type="Byte" length="1" offset="13" value="13" />
		<Parameter name="color_1_id" type="Byte" length="1" offset="14" value="3" />
		<Parameter name="color_2_id" type="Byte" length="1" offset="15" value="2" />
		<Parameter name="color_3_id" type="Byte" length="1" offset="16" value="4" />
		<Parameter name="source_slot" type="Byte" length="1" offset="17" value="8" />
		<Parameter name="source_bit" type="Byte" length="1" offset="18" value="0" />
		<Parameter name="source_port" type="Byte" length="1" offset="19" value="0" />
		<Parameter name="source_virtual" type="Byte" length="1" offset="20" value="0" />
	</OutMapParameters>

	<!-- Button 6 (top small button) toggle disable all map to slots 3,4 -->
	<OutMapParameters command="0x4017" data_length="21">
		<Parameter name="control_number" type="Byte" length="1" offset="7" value="5" />
		<Parameter name="HID_USAGE_PAGE_LED" type="Byte" length="1" offset="8" value="8" />
		<Parameter name="vid" type="UInt16" length="2" offset="9" value="0" />
		<Parameter name="pid" type="UInt16" length="2" offset="11" value="0" />
		<Parameter name="mode" type="Byte" length="1" offset="13" value="1" />
		<Parameter name="color_1_id" type="Byte" length="1" offset="14" value="3" />   <!-- colors reversed need to fix -->
		<Parameter name="color_2_id" type="Byte" length="1" offset="15" value="3" />
		<Parameter name="color_3_id" type="Byte" length="1" offset="16" value="4" />
		<Parameter name="source_slot" type="Byte" length="1" offset="17" value="12" /> <!-- 7-->
		<Parameter name="source_bit" type="Byte" length="1" offset="18" value="0" />
		<Parameter name="source_port" type="Byte" length="1" offset="19" value="0" />
		<Parameter name="source_virtual" type="Byte" length="1" offset="20" value="0" />
	</OutMapParameters>	
</JoystickParameters>


<!-- <Parameter name="" type="" length="" offset="" value="" /> -->