<?xml version="1.0"?>
<!-- 
** Future cards to add **
* Piezo for focus
* XY brushless drive for MLS stage
-->

<System>


<SystemSettings>

<!-- set the card types 

            NO_CARD_IN_SLOT = 0,
            CARD_IN_SLOT_NOT_PROGRAMMED = 1,
            ST_Stepper_type,                // 2  (obsolete)
            High_Current_Stepper_Card,      // 3  (41-0093-004)
            Servo_type,                     // 4  (41-0098-001)
            Shutter_type,                   // 5  (obsolete)
            OTM_Dac_type,                   // 6  (on OTM board)
            OTM_RS232_type,                 // 7  (on OTM board)
            High_Current_Stepper_Card_HD,   // 8  (41-0107)
            Slider_IO_type,                 // 9  (41-0104)
            Shutter_4_type,                 // 10 (41-0108)
            Piezo_Elliptec_type,            // 11 (connected to slot 8)
            ST_Invert_Stepper_BISS_type,    // 12 (41-0113)
            ST_Invert_Stepper_SSI_type      // 13 (41-0113)
            Piezo_type					    // 14 (41-0123)
			MCM_Stepper_Internal_BISS_L6470 // 15 (41-0128)
			MCM_Stepper_Internal_SSI_L6470  // 16 (41-0128)
			MCM_Stepper_L6470_MicroDB15		// 17 (41-0129)
-->
<!-- ********* Set Card types ********* -->
<!-- Set the card types for each slot -->

<!-- Slot 7 
Piezo Card (stepper card 41-0123-002)	
-->
<CardType command="0x4004" data_length="10">
<Parameter name="slot" type="Byte" length="1" offset="6" value="6"/>	
<Parameter name="b_type" type="UInt16" length="2" offset="8" value="14"/>
</CardType>

</SystemSettings>

<!-- ********* Config Slot Cards ********* -->
<Slots>

<Slot type="Piezo" name="SLOT_7" slot_num="6">
<Piezo name="Veneto_piezo"/>
</Slot>

</Slots>

<!-- ********* Joysticks ********* -->

<Joysticks>

</Joysticks>

</System>
